행정동코드,행정동명,dtw_라벨,xgb_라벨,최근YoY평균,매출QoQ_avg,유동인구_delta_avg,점포수_증감률_avg,폐업률_avg,종합점수,등급
11110515,청운효자동,성장,성장,-0.09262763405495,-0.027883932349033524,-0.014683307568641705,-0.017875000000000002,0.04245,0.35636214999110816,B
11110530,사직동,유지,유지,0.022472516831461,0.017481796731194904,-0.008136132990789125,-0.0060750000000000005,0.047375,0.39982690811572535,C
11110540,삼청동,쇠퇴,쇠퇴,-0.0330949413613992,0.03775020783307686,-0.0040544508268302755,-0.0081,0.060700000000000004,0.39284526593544866,D
11110550,부암동,쇠퇴,쇠퇴,-0.1076864262200884,0.003917548669525338,-0.029661976994550726,0.002149999999999999,0.03105,0.39940473110490676,D
11110560,평창동,유지,유지,-0.0689611936068811,0.0163003881910999,0.006899271771436776,-0.009225,0.039525,0.4277697378029034,C
11110570,무악동,쇠퇴,쇠퇴,-0.0893929705121915,-0.013880271848402102,0.036651604260290425,0.0010500000000000023,0.032225000000000004,0.48149528325154634,D
11110580,교남동,성장,성장,0.0176577513427148,-0.008130752472070719,-0.0119836590843802,-0.050975,0.08862500000000001,0.24968620890508914,B
11110600,가회동,성장,성장,0.0171123728588196,0.018859924846717217,-0.02028994003764102,-0.014250000000000002,0.049525,0.36737395126758243,B
11110615,종로1·2·3·4가동,유지,유지,0.003043939929957,0.008931401815200721,-0.0054915785686834515,-0.005275,0.053425,0.3912385777913826,C
11110630,종로5·6가동,유지,유지,-0.0209188714056005,0.0011044114912190477,0.002864941175429802,-0.011474999999999999,0.03455,0.41823078188678964,C
11110640,이화동,성장,성장,0.0264321403138663,0.0015445524136258274,-0.012191609952920575,-0.0021249999999999993,0.044725,0.39585929487962324,A
11110650,혜화동,쇠퇴,쇠퇴,-0.0601958543829728,-0.008716010914372178,0.003399279648450673,-0.0184,0.052275,0.376425307932569,D
11110670,창신1동,유지,유지,0.1006594664133623,0.038849713040486525,0.005605366805820052,-0.026075,0.055400000000000005,0.3876833315527861,C
11110680,창신2동,쇠퇴,쇠퇴,-0.0501555372412934,0.002757057387337926,-0.019192593475540323,-0.0123,0.046575,0.368071736092899,D
11110690,창신3동,쇠퇴,쇠퇴,-0.0794700033960278,-0.020996073053225747,-0.04305586674664255,-0.034124999999999996,0.052450000000000004,0.27929873180735837,E
11110700,숭인1동,유지,유지,0.3545115621495073,0.08629442141048109,0.010629823720518374,0.01615,0.02,0.5378335224108195,C
11110710,숭인2동,성장,성장,0.0085762556256792,-0.014002288016596575,-0.020012971738785447,-0.0073,0.036449999999999996,0.3812424556643138,A
11140520,소공동,성장,성장,0.1803576010051947,0.0125853160927922,-0.023390569352823798,-0.008025,0.059575,0.3540104953006256,B
11140540,회현동,유지,유지,0.0232894808437094,0.0112202913198136,-0.015023897325103126,-0.0026499999999999996,0.0532,0.38316752345260713,C
11140550,명동,쇠퇴,쇠퇴,-0.056233672270494,0.0016273553758037254,-0.007519474776305025,-0.0017249999999999995,0.05635,0.3855722482893659,D
11140570,필동,쇠퇴,쇠퇴,-0.0290947429213814,-0.0019866088530335474,0.021019274647316476,-0.0009500000000000003,0.042624999999999996,0.44647869822022435,D
11140580,장충동,유지,유지,0.0562287859223687,0.03560899202270847,-0.011662868920259877,-0.002774999999999999,0.0444,0.4137376313239163,C
11140590,광희동,쇠퇴,쇠퇴,0.0094946330931705,-0.003583044244803401,0.00038405196540194887,-0.003925,0.0552,0.3925398000324863,D
11140605,을지로동,쇠퇴,쇠퇴,0.019076762719724,0.0052330507560081,-0.001533621877829774,0.007350000000000001,0.04755,0.42324950022616126,D
11140615,신당동,쇠퇴,쇠퇴,-0.0900927110340287,-0.008740178497945228,-0.0099705228177245,-0.016524999999999998,0.05,0.36363014180392517,D
11140625,다산동,쇠퇴,쇠퇴,-0.0341945722431628,-0.016701516364675296,-0.009937246501230075,-0.013749999999999998,0.04545,0.37071069728734946,D
11140635,약수동,유지,유지,-0.0013457291505215,0.018492754521299424,-0.001527974789144724,-0.023675,0.053675,0.3732507817824943,C
11140645,청구동,쇠퇴,쇠퇴,-0.2807233539262423,-0.09551362872982418,-0.0342318374650572,-0.10195000000000001,0.13195,0.028822865616720286,E
11140650,신당5동,쇠퇴,쇠퇴,-0.0134676737127437,-0.01029478899225335,-0.0186606970053376,-0.016925000000000003,0.0487,0.35176356220505905,E
11140665,동화동,쇠퇴,쇠퇴,-0.0779500835249556,0.003638960942059871,0.0012574033360874498,-0.008225,0.045475,0.40567035106096094,D
11140670,황학동,쇠퇴,성장,-0.0048119215461799,-0.02278914603558385,-0.021940249685813526,-0.0039,0.0436,0.36831861889719114,A
11140680,중림동,쇠퇴,쇠퇴,-0.0606087203035924,-0.04640311586293172,0.0187556231243878,-0.008074999999999999,0.034825,0.42115463930953423,D
11170510,후암동,쇠퇴,쇠퇴,0.0051042645653343,0.006302934337687773,-0.0006905998957243252,-0.003174999999999999,0.035375,0.4273192032005253,D
11170520,용산2가동,쇠퇴,쇠퇴,0.0562509603354175,0.027630324469015095,0.0007895122316647993,-0.0069,0.067725,0.38572361156691415,D
11170530,남영동,성장,성장,0.0298602083682483,-0.008658377333700527,-0.017616343292188575,-0.00445,0.051574999999999996,0.3688785461527998,A
11170555,청파동,유지,유지,-0.0155310869577138,0.014351115938301552,-0.0147381885377782,-0.007275,0.047025,0.3874619571085288,C
11170560,원효로1동,쇠퇴,쇠퇴,-0.0926047289002347,-0.027937008217874,-0.016904545627227402,-0.018600000000000002,0.050975,0.3391268031360504,E
11170570,원효로2동,쇠퇴,쇠퇴,-0.1090096240634902,-0.01832877469468125,-0.0219507641684521,-0.02795,0.049425000000000004,0.32489605835841817,E
11170580,효창동,성장,성장,0.2864385779213624,0.011010361426429631,-0.0062547132243343,-0.007375,0.0483,0.3957710034459593,A
11170590,용문동,성장,성장,0.1181711825466506,0.02055918111666687,-0.0083396968759657,-0.016025,0.0466,0.3870423754735498,A
11170625,한강로동,유지,유지,0.0992856415032794,0.024873277327283998,0.002836591879481528,-0.006874999999999999,0.0513,0.4121565521385881,C
11170630,이촌1동,유지,유지,-0.0522428033187049,-0.008296169409390696,-0.008624599224143,0.001875,0.03925,0.41029826029449623,C
11170640,이촌2동,쇠퇴,쇠퇴,-0.2531139315665973,-0.014537774792780123,-0.018874978768884998,-0.095125,0.103175,0.1467539461688378,E
11170650,이태원1동,쇠퇴,쇠퇴,0.0213382773673659,0.019437914721427252,-0.007856944860466024,-0.016550000000000002,0.06545,0.35777541789485123,E
11170660,이태원2동,유지,유지,0.0263062568091656,0.021307677626595,0.0123716824953618,-0.006225,0.04615,0.4327409508179146,C
11170685,한남동,유지,유지,-0.0312311824915583,-0.007266475963238699,-0.003986807537878399,-0.011825000000000002,0.062375,0.36139550115620755,C
11170690,서빙고동,유지,성장,0.2309853103130625,0.1164742916481039,0.0027092879870948003,0.028450000000000003,0.045175,0.5228378927753417,A
11170700,보광동,유지,유지,-0.1023439405233785,-0.006333867792866077,-0.04746892204166452,-0.052849999999999994,0.06175,0.23776361508290822,C
11200520,왕십리2동,유지,유지,0.0684379407117821,0.02200496720713417,0.020923018119927826,-0.021425,0.052525,0.412346798409309,C
11200535,왕십리도선동,쇠퇴,쇠퇴,-0.0538228540460201,-0.006271625701894504,-0.0004943314365717997,-0.022225,0.058475,0.35686178398398255,E
11200540,마장동,유지,유지,-0.0928383546597468,-0.03155866978359497,-0.001454925974371875,-0.041025,0.056525,0.31652524049938957,C
11200550,사근동,쇠퇴,쇠퇴,-0.0790224640379045,0.0006114338105810482,0.022626052027625153,-0.0069,0.045175,0.43712845384527904,D
11200560,행당1동,쇠퇴,쇠퇴,-0.0089349568198172,0.010530857883096451,0.036921410525449325,-0.025750000000000002,0.06989999999999999,0.39630342415739306,D
11200570,행당2동,성장,성장,-0.0996801111806902,-0.03299759080315765,-0.016767035619913124,-0.027575000000000002,0.0619,0.30638002077644955,B
11200580,응봉동,쇠퇴,쇠퇴,-0.164167626784831,-0.018372557435257106,-0.0005527904050776746,0.001575,0.025875000000000002,0.4364321975953244,D
11200590,금호1가동,쇠퇴,쇠퇴,-0.0494219164927061,-0.023167134492600654,-0.014231059847099926,-0.028125,0.050125,0.33209516266600037,E
11200615,금호2·3가동,쇠퇴,쇠퇴,-0.0258554231948808,-0.023073139808773048,-0.027961416643759302,-0.019475,0.048875,0.32768336047415075,E
11200620,금호4가동,성장,성장,0.0335739610114967,0.0014891627496102476,-0.0188707597145219,-0.0081,0.0476,0.3727636790342148,A
11200645,옥수동,쇠퇴,쇠퇴,-0.0753024542916309,-0.015207600451895373,-0.0073069798815747,-0.0076,0.0409,0.39157170635027383,D
11200650,성수1가1동,쇠퇴,쇠퇴,-0.041582194386174,-0.0031972441446650006,-0.021216180876373503,-0.0063,0.064275,0.34447282754402364,E
11200660,성수1가2동,쇠퇴,쇠퇴,-0.0642562432239768,-0.008648144104392923,-0.005349400475434073,-0.018125,0.0691,0.33887743607070325,E
11200670,성수2가1동,성장,성장,0.0385856453770215,0.016076028562658152,-0.00312356497488,-0.0089,0.048600000000000004,0.40007332148024044,A
11200690,성수2가3동,쇠퇴,쇠퇴,-0.0008070604512175,0.012311123651018703,0.013780261634923699,-0.013474999999999999,0.070675,0.3818057683899542,D
11200720,송정동,쇠퇴,쇠퇴,-0.0232387118583513,0.008031835652292874,0.009993155462688749,-0.015649999999999997,0.0653,0.37899040692337504,D
11200790,용답동,쇠퇴,쇠퇴,0.0007518502662095,0.0023922237266911987,-0.038331022174091275,-0.0117,0.039625,0.3519868758034771,E
11215710,화양동,유지,유지,-0.0390612536035214,-0.0021557961505664254,-0.0170121176953927,-0.01585,0.06375,0.33716825455759913,C
11215730,군자동,유지,유지,0.0301322038794888,0.017478817790789775,0.0007682150267503008,-0.01335,0.06620000000000001,0.37285900511923137,C
11215740,중곡1동,유지,유지,0.0467066336347068,0.02925350289654105,-0.0194068087537106,-0.015125,0.0515,0.369678723040175,C
11215750,중곡2동,성장,성장,-0.011618350323701,0.008807038092815477,0.016292807901446674,-0.0182,0.0566,0.39767010945154063,A
11215760,중곡3동,쇠퇴,쇠퇴,-0.1000786482183072,-0.0138944516549325,-0.03382880858298185,-0.02015,0.05805,0.30910586568572124,E
11215770,중곡4동,쇠퇴,유지,-0.069356581365315,-0.010265781677556303,-0.0002853723364881506,-0.022,0.054474999999999996,0.36150157867603194,C
11215780,능동,쇠퇴,쇠퇴,-0.0815401310136625,-0.00724565388623555,-0.024002174996003826,-0.020425,0.059575,0.3238562841433898,E
11215810,광장동,쇠퇴,쇠퇴,-0.0920060120902191,-0.03654815084804105,-0.0050967808783155,-0.0164,0.052325,0.35287327596802986,E
11215820,자양1동,쇠퇴,쇠퇴,-0.0371482545303263,-0.0031881014505194503,-0.01947445255663935,-0.012525,0.052325,0.3555320273921112,E
11215830,자양2동,성장,성장,0.025220805776065,0.008278126729384525,-0.0082626958935088,0.019975,0.052675,0.4268041343134821,A
11215840,자양3동,쇠퇴,쇠퇴,-0.0287313548251505,-0.0010443214319403767,-0.012498954040969498,-0.014475,0.067075,0.34126224251015985,E
11215847,자양4동,쇠퇴,쇠퇴,-0.0238424632384173,2.076977844822636e-06,0.0023763402967926254,-0.012199999999999999,0.0529,0.38803658069968616,D
11215850,구의1동,쇠퇴,쇠퇴,-0.0455533138345711,-0.0136125322726963,-0.0116980862999526,-0.02175,0.057999999999999996,0.3385004267591286,E
11215860,구의2동,쇠퇴,쇠퇴,-0.0390338057141958,-0.002311597705778129,-0.005188465310933825,-0.016825,0.060625,0.3572259865647888,E
11215870,구의3동,쇠퇴,쇠퇴,-0.0678586248259572,-0.026633222103409973,-0.008683509915808251,-0.014275,0.0536,0.3542047499913631,E
11230536,용신동,성장,성장,-0.0256705366145445,-0.008229952102129026,-0.0089494839315156,-0.00797500000000001,0.035725,0.4001038054190301,A
11230545,제기동,쇠퇴,쇠퇴,0.0146992733816389,0.009317710028088625,-0.015952661591367927,-0.018275,0.056425,0.35200278029719584,E
11230560,전농1동,유지,유지,0.0028229659848355,0.0217180065961118,-0.020985776342092602,-0.006125,0.05545,0.3713394651946028,C
11230570,전농2동,유지,유지,-0.0189084681321918,0.0009807465822260983,-0.0094578362805711,-0.029,0.062675,0.3310477656690552,C
11230600,답십리1동,쇠퇴,쇠퇴,-0.0676530179655268,-0.0001030527624186258,-0.0023762721808729755,-0.028225,0.072375,0.32709327266623656,E
11230610,답십리2동,유지,유지,-0.0099696642147829,0.003125414658069326,-0.0015933275363093748,-0.027049999999999998,0.0696,0.3358910677437503,C
11230650,장안1동,성장,성장,0.0403428995202294,-0.0019159178050290005,-0.0069248671850238,-0.018525,0.0571,0.3576848253478263,B
11230660,장안2동,쇠퇴,쇠퇴,-0.0159433182928196,0.004659146385370924,0.018961634800467073,-0.0122,0.051175,0.4167630048851949,D
11230705,청량리동,쇠퇴,쇠퇴,0.0230186459825552,0.006013432977886699,-0.008610534551098975,-0.006825,0.04385,0.3974071326998348,D
11230710,회기동,유지,유지,-0.1197029742813528,-0.018382894314199368,0.0036406101279057995,-0.02735,0.069275,0.33227362145303,C
11230720,휘경1동,성장,성장,-0.0494871047752999,-0.03230597029703135,0.018067805657626126,-0.0323,0.070475,0.33627588676038234,B
11230730,휘경2동,성장,성장,-0.0149327714774171,-0.017855250763697723,0.0006875441584662263,-0.017825,0.047875,0.3753718728483802,A
11230740,이문1동,유지,유지,0.0404524993832533,0.025599159786590452,0.0634998486820165,-0.027775,0.06937499999999999,0.4397737023626962,C
11230750,이문2동,유지,유지,-0.060593446792207,0.048298328613083766,-0.012378470245453448,-0.032625,0.06705,0.33916781890919057,C
11260520,면목2동,쇠퇴,쇠퇴,-0.1211288051042184,-0.026739002878613603,0.015422211264359175,-0.013,0.0509,0.3946473321913617,D
11260540,면목4동,유지,유지,-0.054038948383819,-6.428380604319578e-05,-0.010430101192748599,-0.0326,0.074075,0.3063167999364885,C
11260550,면목5동,쇠퇴,쇠퇴,-0.1038193557849345,-0.041356088338747196,-0.0047231048048408004,-0.023275,0.0492,0.345111535542014,E
11260565,면목본동,쇠퇴,쇠퇴,-0.0270390696113138,0.004802086549681124,0.00730220697625835,-0.02535,0.06045,0.3659474867196434,D
11260570,면목7동,쇠퇴,쇠퇴,-0.0350316466005032,-0.0014982306548515989,-0.0031053598846919753,-0.0209,0.064775,0.3480835645176742,E
11260575,면목3·8동,쇠퇴,쇠퇴,-0.0789663255209375,-0.0223583371311539,0.010130047786328525,-0.027725,0.063275,0.3480096989519781,E
11260580,상봉1동,유지,유지,1.1007592780835136,0.677490672869896,0.051766930531808975,-0.017475,0.072375,0.77158541909415,C
11260590,상봉2동,쇠퇴,쇠퇴,-0.0092432561755664,0.001288073316324724,-0.04180839040561925,-0.0141,0.05355,0.32165857339779924,E
11260600,중화1동,유지,유지,0.0276496424782654,0.02484006729398628,-0.012190478524192874,-0.018775,0.0612,0.35740705495317626,C
11260610,중화2동,유지,유지,0.0432029025919208,0.013038996813412121,0.008033691265860675,-0.028175,0.057625,0.3712042336460642,C
11260620,묵1동,유지,유지,-0.0509149504732886,0.005981091669596775,-0.004862069675844276,-0.00775,0.05,0.39200688115469584,C
11260630,묵2동,쇠퇴,쇠퇴,-0.0884392778147652,0.003682665489982799,-0.007285484670291774,-0.02075,0.066025,0.34312609251582016,E
11260655,망우본동,쇠퇴,쇠퇴,0.0025383414897698,0.0073716184170842984,-0.005309768255236802,-0.010450000000000001,0.05065,0.38696029599799686,D
11260660,망우3동,유지,유지,0.0035407091377328,0.014947384354404401,-0.009089837629338574,-0.015675,0.0576,0.3669302925076908,C
11260680,신내1동,유지,유지,0.0107730072566042,0.01851884430296492,0.0009576456791332245,-0.011574999999999998,0.0445,0.4092815323558173,C
11260690,신내2동,성장,성장,0.0822885451486274,0.02267083015323145,0.011087093024749698,-0.044475,0.070575,0.3359232875991364,B
11290525,성북동,쇠퇴,쇠퇴,-0.0095001106409678,0.022415916569862294,0.00033429390492960027,-0.012,0.04485,0.4092249447071983,D
11290555,삼선동,유지,유지,0.0287187292575891,0.022105652800819168,0.002735980579845925,-0.0123,0.05615,0.3949088083144121,C
11290575,동선동,쇠퇴,쇠퇴,-0.040600056000956,0.005065475487110175,-0.008869917330166024,-0.019375,0.061875,0.34997649764173333,E
11290580,돈암1동,쇠퇴,쇠퇴,-0.2466868928205021,0.009444626459007805,-0.009192119545735525,-0.005975000000000002,0.027225,0.42485412378792536,D
11290590,돈암2동,유지,유지,0.1232029458718336,0.0534125933090527,0.01637884884777505,0.016325,0.0213,0.527332299110757,C
11290600,안암동,쇠퇴,쇠퇴,-0.0243194213436727,-1.4283634330751471e-05,0.02569986582984617,-0.002025,0.04995,0.44143684153414964,D
11290610,보문동,유지,유지,0.073886770704491,0.048911524479094776,-0.02125520476626525,0.0001250000000000001,0.040775,0.4168551899875127,C
11290620,정릉1동,유지,유지,-0.0820936050046512,-0.013913955628520748,-0.008521621850530726,-0.02335,0.053625,0.34706122971727377,C
11290630,정릉2동,쇠퇴,쇠퇴,-0.0648768433707897,-0.025813096337504657,-0.005869831379440851,-0.011574999999999998,0.030525,0.39776661810533476,D
11290640,정릉3동,쇠퇴,쇠퇴,-0.0209444770204537,0.007062537286139647,0.012263014547713875,-0.01595,0.048924999999999996,0.40609255893111895,D
11290650,정릉4동,쇠퇴,쇠퇴,-0.0750978332154917,-0.022835474459077798,-0.03430434697721903,-0.03695,0.059375,0.27602443354164397,E
11290660,길음1동,성장,성장,-0.0734750510652973,-0.02820364079938555,-0.0007035132305453252,0.0035249999999999986,0.041875,0.4098687800291714,A
11290685,길음2동,유지,유지,0.1423984567722823,0.2121036667672633,-0.018687890165528926,-0.041049999999999996,0.08335000000000001,0.3772859214504685,C
11290705,종암동,쇠퇴,쇠퇴,-0.0780336506534696,-0.028394559811546698,-0.00024222406081567463,-0.012225000000000001,0.055675,0.3653557565797358,D
11290715,월곡1동,성장,성장,-0.0047951923123797,0.0007922402941812502,-0.004880691780657074,-0.0092,0.045075,0.3945362598341353,A
11290725,월곡2동,유지,유지,0.0017133443047051,-0.0015749074138201738,0.013171514879495924,-0.019299999999999998,0.054125,0.38990153552193585,C
11290760,장위1동,유지,유지,0.0266431311880205,0.017083831294083203,-0.016206827354674422,-0.0073750000000000005,0.0394,0.39818124332834537,C
11290770,장위2동,쇠퇴,쇠퇴,-0.1344868661680494,-0.054079245147922395,0.0855483499087164,-0.01395,0.05425,0.47418190857632947,D
11290780,장위3동,성장,성장,-0.0043174662439209,-0.014962403176178175,0.07790435408311015,-0.014975,0.048525,0.4906048257669784,A
11290810,석관동,쇠퇴,쇠퇴,-0.0157209653800625,0.004318598927532249,-0.011654284148208776,-0.0116,0.0382,0.3934205476015915,D
11305534,삼양동,성장,성장,-0.0341334909705475,-0.008551995782585075,-0.014219664152788525,-0.008400000000000001,0.053349999999999995,0.36503907268831803,B
11305535,미아동,유지,쇠퇴,0.0332112808052901,0.010438255331626126,0.00408057475115855,-0.016050000000000002,0.0563,0.38481403752643983,D
11305545,송중동,쇠퇴,쇠퇴,-0.1055694413549176,-0.030233166171254176,-0.0133324752481704,-0.020675000000000002,0.060649999999999996,0.3251962926251736,E
11305555,송천동,유지,유지,-0.0416887063726953,0.022686991456137826,-0.04710093861160832,-0.037575000000000004,0.06875,0.2661245111474867,C
11305575,삼각산동,성장,성장,-0.0023677757156656,-0.0018660867996606254,-0.005967197591715025,-0.025025000000000002,0.05735,0.348730954178201,B
11305595,번1동,쇠퇴,쇠퇴,-0.2021492755304204,-0.0239641825814289,-0.0076146319206454515,-0.025425,0.0776,0.3036347596399526,E
11305603,번2동,유지,유지,-0.0175157631786946,0.03126161646356272,-0.0073917313999504,-0.028775000000000002,0.05345,0.36399727042258834,C
11305608,번3동,쇠퇴,쇠퇴,-0.0848298949721459,-0.018398141733852822,-0.028951942479831648,0.00895,0.0446,0.3787632907118722,D
11305615,수유1동,유지,유지,0.032942605100781,0.020775671917267848,0.015531713990524575,-0.03025,0.058225,0.3818310932588418,C
11305625,수유2동,쇠퇴,쇠퇴,-0.0254886725151433,-0.0111742660328034,-0.00914221833973145,-0.030725,0.052825,0.33749325390399004,E
11305635,수유3동,유지,유지,-0.0051768412171613,0.014755010722371849,-0.003698838252076825,-0.0202,0.06885,0.35054289319011206,C
11305645,우이동,쇠퇴,쇠퇴,-0.0926461769461075,0.0067445287259113446,-0.004299363839370575,-0.025175,0.0521,0.3632976059527466,D
11305660,인수동,쇠퇴,쇠퇴,-0.0329619112800843,-0.006270013870244751,-0.003614394494898376,-0.02485,0.054400000000000004,0.35455426339873186,E
11320511,창1동,유지,유지,0.1573164607955924,0.06136434917789477,-0.010914832674743299,-0.011925,0.05055,0.4047785971524767,C
11320512,창2동,쇠퇴,쇠퇴,-0.0417181208989636,0.011946994911229624,-0.019516142147144547,-0.037075,0.060975,0.31253987825883167,E
11320513,창3동,쇠퇴,쇠퇴,-0.0354383679729984,0.006111311796676048,-0.004755941516337125,-0.018175,0.055225,0.36831700182349403,D
11320514,창4동,쇠퇴,쇠퇴,0.006463964412494,0.015263338957956226,-0.015021924176547675,-0.007025,0.05415,0.3771124028731083,D
11320515,창5동,성장,성장,-0.0232949084603143,-0.013872703980650849,-0.0014910677536441501,-0.019700000000000002,0.055975,0.3591661020122442,B
11320521,도봉1동,쇠퇴,유지,-0.0474551754155583,-0.004156833298710821,-0.00481922051912175,-0.010425,0.045575000000000004,0.3894264555895552,C
11320522,도봉2동,유지,유지,0.0136963835717734,0.019850491181668595,-0.00997694248326555,0.002024999999999999,0.046675,0.41190624764060213,C
11320660,쌍문1동,쇠퇴,쇠퇴,-0.0852584263312165,-0.013834473859607626,0.010483766573219476,-0.009325,0.043625,0.41093083575621886,D
11320670,쌍문2동,유지,유지,-0.0390528810898714,0.011652951860060502,-0.0027198666151006246,-0.01325,0.06425,0.3679685866172878,C
11320680,쌍문3동,쇠퇴,쇠퇴,-0.0056432905661432,-0.004153850086214347,0.012093092985317199,-0.0244,0.056799999999999996,0.37514921370577503,D
11320681,쌍문4동,유지,유지,-0.0397129937245223,-0.0021853960596933753,0.0444397119089404,-0.01355,0.0436,0.459042851481154,C
11320690,방학1동,쇠퇴,쇠퇴,-0.0266921974270202,-0.000879426070862651,0.003036517022491275,-0.015425000000000001,0.04715,0.39229299478810153,D
11320700,방학2동,쇠퇴,쇠퇴,-0.0220800201997705,-0.00989672805674125,-0.0006475497620991762,-0.02835,0.054925,0.3507536238374852,E
11320710,방학3동,쇠퇴,쇠퇴,-0.013333395039394,0.003797496649556597,-0.0280111214041538,-0.028175000000000002,0.049525,0.3271880687974863,E
11350560,월계1동,유지,유지,-0.0853215472467578,-0.017526689471718624,0.0014978390129338744,-0.0131,0.049949999999999994,0.3808016798948304,C
11350570,월계2동,쇠퇴,쇠퇴,-0.1583574359197268,0.0247464212740686,0.0040996747897198245,-0.03165,0.07997499999999999,0.3324340737075385,E
11350580,월계3동,성장,성장,0.0615409484059758,0.0051899440905734,-0.021425006159891874,-0.0117,0.037425,0.3809294691984556,A
11350595,공릉1동,유지,유지,0.0273198562778961,0.0143576427676648,-0.0028833564991526998,-0.01745,0.049225,0.38546657791216465,C
11350600,공릉2동,유지,유지,0.0001394392515579,0.002527179382093751,-0.005833631055691974,-0.008225,0.049475000000000005,0.3888983902923332,C
11350611,하계1동,쇠퇴,쇠퇴,-0.1037624656564733,-0.013484824299239626,-0.00020054789835524927,-0.008025000000000001,0.039349999999999996,0.4043164695863163,D
11350612,하계2동,유지,유지,0.03336744903108,0.13719564507122084,0.006175686600408148,-0.028399999999999998,0.057374999999999995,0.4328291009105415,C
11350619,중계본동,쇠퇴,쇠퇴,-0.0896995309672705,-0.009684253792123227,-0.006790186933824225,-0.009575,0.042225,0.39013089389563854,D
11350621,중계1동,쇠퇴,쇠퇴,-0.1017089008655498,-0.010398965751205802,-0.0013473394039663,0.002150000000000001,0.041825,0.41612881720728523,D
11350624,중계4동,유지,유지,-0.0059179926101921,0.016355121664616674,0.0014421952899071507,-0.011274999999999999,0.041124999999999995,0.4144300527674941,C
11350625,중계2·3동,쇠퇴,쇠퇴,-0.0274977867793012,-0.01438624902652605,0.01150357452361795,-0.02365,0.0574,0.3692527348660086,D
11350630,상계1동,유지,쇠퇴,-0.0214528557943723,0.009757178784038378,-0.0133266995680008,-0.018875,0.046125,0.37067466360555384,D
11350640,상계2동,유지,유지,-0.0239189958713935,0.010919964165588951,-0.0010877606545888242,-0.02555,0.072425,0.3386656384414651,C
11350665,상계3·4동,쇠퇴,쇠퇴,-0.0519986104381611,0.0033134619733379,-0.02082757508492225,-0.040475,0.0611,0.3007940065314925,E
11350670,상계5동,성장,성장,-0.0389831381016085,-0.0011717555530640494,-0.0146816227497313,-0.023475000000000003,0.0699,0.3199914557757673,B
11350695,상계6·7동,쇠퇴,쇠퇴,-0.0981599686381029,-0.06418086227104078,-0.0089423658090029,-0.012825,0.0589,0.3285959411483361,E
11350700,상계8동,성장,성장,-0.0064057003515336,0.01236876587937195,0.01445077579513015,-0.022075,0.052875000000000005,0.39658355630459874,A
11350710,상계9동,쇠퇴,쇠퇴,-0.0717311515625552,-0.006161182539409171,-0.008198693338881801,-0.02665,0.044625,0.36011466800983455,D
11350720,상계10동,유지,유지,-0.0179946001211944,0.00579067839426415,0.0176489731490596,-0.0049999999999999975,0.0574,0.4170801650269553,C
11380510,녹번동,성장,성장,0.0605082414211725,0.004575010222131226,-0.0013423972714450248,-0.020425,0.054675,0.36978302893850257,A
11380520,불광1동,성장,성장,-0.0527268221177347,-0.023524719810695226,-0.006617408918185701,-0.0196,0.045975,0.3621561629044503,B
11380530,불광2동,성장,성장,0.0571975805925159,0.009912722421058524,-0.0230319421247276,-0.0032,0.0309,0.4040037826996977,A
11380551,갈현1동,유지,유지,-0.0180924892836931,0.017887645684636775,-0.019424663353810826,-0.026575,0.071075,0.31654013374639456,C
11380552,갈현2동,유지,유지,-0.0444197200181229,-0.00288892148905575,0.011985098764792049,-0.0369,0.07744999999999999,0.3251779178414109,C
11380560,구산동,유지,유지,0.0216581729761676,0.017033991588834948,-0.012227647869216925,-0.0476,0.0829,0.2762132230926456,C
11380570,대조동,쇠퇴,쇠퇴,-0.0131737818509478,0.0016156699438775006,-0.0149772917382111,-0.00925,0.05615,0.3636700149335861,D
11380580,응암1동,쇠퇴,쇠퇴,-0.0622875026778882,-0.010060992488546923,0.0013245660817310751,-0.022725,0.052175,0.36628250818234487,D
11380590,응암2동,쇠퇴,쇠퇴,-0.0095986231178158,-0.0029451080316978753,0.004032245922082876,-0.030225,0.08585,0.3112891046004785,E
11380600,응암3동,유지,유지,0.0081517433269681,0.012508803360149524,-0.015969485848296775,-0.01405,0.049675,0.3703412144512581,C
11380625,역촌동,쇠퇴,쇠퇴,-0.0461387994510609,-0.010353675042194976,0.007372690995318776,-0.023,0.0636,0.35703544986529473,E
11380631,신사1동,유지,유지,-0.0188159497467125,-0.00792098294869195,-0.009544590233024598,-0.023125,0.054875,0.347150879706208,C
11380632,신사2동,쇠퇴,쇠퇴,-0.0519856167897632,-0.0373362162611755,0.0006934284731154997,-0.022125,0.052975,0.35097433872888534,E
11380640,증산동,성장,성장,0.0681780202792564,-0.01895719286867225,-0.022141742308146726,-0.018025,0.036199999999999996,0.35956581483370414,B
11380650,수색동,성장,성장,0.2355612456932976,0.020225869595155578,-0.026856698333785196,-0.03865,0.065225,0.29747605531771504,B
11380690,진관동,쇠퇴,쇠퇴,-0.1449992134714188,-0.0279468979118362,-0.0036841357510474506,-0.025775,0.0689,0.3198409090595431,E
11410520,천연동,성장,성장,0.0299916866156288,-0.019878915532988727,-0.0022312245977949745,-0.010499999999999999,0.033,0.4039345912184368,A
11410555,북아현동,성장,성장,0.2379374133162581,-0.005507923975682724,0.051923112948691875,-0.024999999999999998,0.053375000000000006,0.4356404858268836,A
11410565,충현동,쇠퇴,쇠퇴,-0.0476498535852027,-0.01170426537759185,-0.007099245062683549,-0.014975,0.050075,0.3684632875252521,D
11410585,신촌동,유지,유지,-0.0479878852259787,-0.008567223538275076,-0.006932693540807102,-0.013325,0.063375,0.3526961274572747,C
11410615,연희동,유지,유지,-0.0004668667606628,0.0145092414078874,0.0024040515866417247,-0.0131,0.0557,0.3899586825222363,C
11410620,홍제1동,유지,유지,0.0246662929966886,0.016678843476033125,-0.03430006295139167,-0.01645,0.051775,0.3394389285742281,C
11410640,홍제3동,유지,유지,0.0125715056737246,0.0308176212622768,-0.022062899108651175,-0.018949999999999998,0.056624999999999995,0.3530576332458729,C
11410655,홍제2동,유지,유지,-0.0237484353162528,0.04444951193570582,0.05837794922965675,-0.059425,0.08345,0.3723315761118446,C
11410660,홍은1동,쇠퇴,쇠퇴,-0.088640995236581,-0.01623743916623625,0.026714329845457824,-0.039299999999999995,0.054375,0.3706144153260427,D
11410685,홍은2동,유지,유지,-0.0887834842695897,-0.010251845457779478,0.03430252004245132,-0.026425,0.054125,0.40468183009748504,C
11410690,남가좌1동,쇠퇴,쇠퇴,-0.0888141822448059,-0.014886853664976227,0.0005704194198986757,-0.02135,0.052125000000000005,0.3648922462019588,D
11410700,남가좌2동,쇠퇴,쇠퇴,-0.0375486910188551,-0.028819216575403497,0.003318139361178425,-0.017525,0.051199999999999996,0.36887814460536383,D
11410710,북가좌1동,성장,성장,-0.0260385891789213,-0.024388277220589477,0.012485761057639499,-0.00675,0.054,0.39655441930575364,A
11410720,북가좌2동,유지,유지,-0.007922196427275,0.009075147963274677,-0.01340667609419415,-0.011325,0.053025,0.3713286925092374,C
11440555,아현동,쇠퇴,쇠퇴,-0.1591701630009481,-0.04863859008552057,-0.0059137856584232755,-0.023375,0.070575,0.3070895161210722,E
11440565,공덕동,쇠퇴,쇠퇴,-0.0526620544697864,-0.013979231421981025,-0.015226309169582574,-0.01025,0.0479,0.366215378203407,D
11440585,도화동,유지,유지,0.0097352627662321,0.007914920937892275,-0.02614675264897708,-0.012975,0.047400000000000005,0.3585168359836584,C
11440590,용강동,쇠퇴,쇠퇴,-0.0306872804240178,-0.012350708028272324,-0.0033118230262321,-0.01755,0.059275,0.3556472975017604,E
11440600,대흥동,쇠퇴,쇠퇴,-0.0936240077397193,-0.01919533932916665,0.021139533618575748,-0.009575,0.05655,0.4034106959919305,D
11440610,염리동,유지,유지,-0.0422650597114127,0.008828479075250075,0.013874739669787025,-0.0022250000000000004,0.048350000000000004,0.4312318281755887,C
11440630,신수동,성장,성장,-0.051869241507512,-0.018373243646322722,-0.010589093298885625,-0.018125000000000002,0.0645,0.33332939602597744,B
11440655,서강동,쇠퇴,쇠퇴,-0.1008759265575728,-0.020792914210273454,0.0036920591869022,-0.0305,0.080875,0.3086863484448239,E
11440660,서교동,쇠퇴,쇠퇴,-0.006351570651984,0.004249558783115949,-0.0059531187889603245,-0.02325,0.06999999999999999,0.33546414863890456,E
11440680,합정동,쇠퇴,쇠퇴,-0.0867815926399522,-0.02633159696673147,-0.019734980465188075,-0.012775,0.051225,0.34446770224441164,E
11440690,망원1동,유지,유지,-0.0413040104289549,0.017215142574723424,-0.0091354175483642,-0.014925,0.0712,0.3485750700542567,C
11440700,망원2동,쇠퇴,쇠퇴,-0.0035955707429659,-0.012057721370811101,-0.012292334073337276,-0.03345,0.0598,0.3177826542931542,E
11440710,연남동,쇠퇴,쇠퇴,-0.0633111333649495,-0.014752354290698998,-0.004343186716080499,-0.01915,0.071175,0.33243949935677053,E
11440720,성산1동,쇠퇴,쇠퇴,-0.0671065374855854,-0.011963504555687652,0.00338695001900125,-0.017825,0.070875,0.34741663934070216,E
11440730,성산2동,유지,유지,-0.0449884077006292,0.028216281353117774,-0.014379313742682425,-0.0212,0.053224999999999995,0.36439465178469477,C
11440740,상암동,유지,유지,-0.0220512246895313,-0.001213716807642272,-0.002895135614851126,-0.013149999999999998,0.06665,0.357575737179805,C
11470510,목1동,쇠퇴,쇠퇴,-0.0380946760740898,-0.0138759546406066,-0.023909087703642397,-0.016325,0.06505,0.3185481345585348,E
11470520,목2동,성장,성장,-0.0332736715446551,-0.006511211189139674,-0.028281714980905526,-0.018175,0.038650000000000004,0.3532879450830957,B
11470530,목3동,쇠퇴,쇠퇴,-0.0057404122276374,-0.004244917618841475,0.009343109605102599,-0.012849999999999997,0.0513,0.3972233203242304,D
11470540,목4동,성장,성장,-0.0506102725968395,-0.021572131111588178,0.002911998306655725,-0.0265,0.05615,0.3507796395343811,B
11470550,목5동,쇠퇴,쇠퇴,-0.0791839809784717,-0.012333197867909849,0.0066683479105698745,-0.023075,0.061075,0.35871672712507063,E
11470560,신월1동,유지,유지,-0.006522929033896,0.002193724055570452,-0.0026573862354941245,-0.02085,0.052199999999999996,0.3697711427232399,C
11470570,신월2동,유지,유지,-0.0537842019559654,-0.014285734159761247,0.03317512766921167,-0.029249999999999998,0.062175,0.38444888466400384,C
11470580,신월3동,쇠퇴,쇠퇴,-0.0701508015647267,-0.018720068581410176,-0.013322509239731026,-0.020975,0.065625,0.3231672624242879,E
11470590,신월4동,쇠퇴,쇠퇴,-0.0024114509906552,0.0030088053919029994,-0.00891223181330545,-0.017275,0.0433,0.38022724150013887,D
11470600,신월5동,쇠퇴,쇠퇴,-0.0222649369285913,-0.009358439109330548,0.011421192798091348,-0.03015,0.072575,0.3387662399839112,E
11470610,신월6동,쇠퇴,쇠퇴,-0.0544433713726472,-0.01664024506062605,-0.04199114142133278,-0.037274999999999996,0.07135,0.2495957945524372,E
11470611,신월7동,유지,유지,-0.044652325289938,-0.0018634608400790505,-0.0036109148064251244,-0.02425,0.042525,0.37575894547421623,C
11470620,신정1동,쇠퇴,쇠퇴,-0.0435867988099022,-0.006423343241987376,-0.01027579633759405,-0.0151,0.0502,0.36627518812253856,D
11470630,신정2동,유지,유지,-0.0603067076928612,-0.004666872328021951,-0.014927933695280275,-0.0111,0.04335,0.37705344323633416,C
11470640,신정3동,성장,성장,0.0864064210964472,0.01365734940885855,-0.005879830098321275,-0.0026749999999999994,0.048575,0.4044682255248696,A
11470650,신정4동,쇠퇴,쇠퇴,-0.054431997440796,-0.018044179264431623,-0.01495286267578295,-0.01925,0.0656,0.3238706796768189,E
11470670,신정6동,쇠퇴,쇠퇴,-0.1350590966776701,-0.022613824270417,-0.007585971881622824,-0.013675,0.0566,0.35422618714372156,E
11470680,신정7동,쇠퇴,쇠퇴,-0.0259569328150794,0.0021329151067478996,-0.013452851488521624,-0.01415,0.049,0.36943833866732034,D
11500510,염창동,쇠퇴,쇠퇴,-0.0288593587545684,-0.008295383524265626,-0.010214515508367925,-0.007025,0.05055,0.377248520671479,D
11500520,등촌1동,쇠퇴,쇠퇴,-0.0992944861696181,-0.04207773036898747,-0.034038312551044274,-0.015825000000000002,0.054525,0.3061990704168401,E
11500530,등촌2동,쇠퇴,쇠퇴,-0.0058877290220689,0.007341532635102649,0.019383823629230978,-0.018575,0.057375,0.3995792776801976,D
11500535,등촌3동,쇠퇴,유지,-0.0987980243035861,-0.01953002333064298,0.0013497254185190748,-0.0223,0.071525,0.33274115300267804,C
11500540,화곡1동,쇠퇴,쇠퇴,0.0110974219777261,0.01199966505779435,-0.005810914937842449,-0.0137,0.066,0.36038789513748304,D
11500550,화곡2동,성장,성장,-0.1561566544226882,-0.049228909381934846,0.03234176282418255,-0.019249999999999996,0.075425,0.36043023702578675,B
11500560,화곡3동,쇠퇴,쇠퇴,-0.0910008428969558,0.0024975562961521026,-0.02635985195265405,-0.017550000000000003,0.06465,0.3222458805028027,E
11500570,화곡4동,유지,유지,-0.0329157597259472,-0.003217259878015024,-0.05440046721025217,-0.022799999999999997,0.0572,0.282456019732683,C
11500590,화곡본동,쇠퇴,쇠퇴,-0.0586872322259298,-0.015283547217671549,0.00915688163059855,-0.032299999999999995,0.064725,0.34106521149502445,E
11500591,화곡6동,성장,성장,-0.0452696389862152,-0.012531392225730378,0.008558503513332975,-0.028775,0.073175,0.3342327672993095,B
11500593,화곡8동,쇠퇴,쇠퇴,-0.0432868597893167,-0.008904801324902347,0.042117211263903276,-0.010324999999999999,0.062,0.42930371315362836,D
11500603,가양1동,유지,유지,0.0457107806792795,0.017241050646620525,-0.011835674640065899,-0.008825,0.069175,0.35715472823302713,C
11500604,가양2동,쇠퇴,쇠퇴,-0.1164292297172099,-0.03980271338411447,-0.029397938665234602,-0.015074999999999998,0.0347,0.3452074020378787,E
11500605,가양3동,쇠퇴,쇠퇴,-0.1110183676514645,-0.0135339608851924,-0.0505083793803557,-0.01235,0.06465,0.28741513388719914,E
11500611,발산1동,쇠퇴,쇠퇴,-0.0833910120602,-0.0284067922985451,-0.0007914429180805251,-0.026525,0.073625,0.3154247506022375,E
11500615,우장산동,성장,성장,-0.0500447081474586,-0.009470959115749996,0.015207485981282402,-0.027925,0.092575,0.3172170472900832,B
11500620,공항동,유지,유지,-0.0416952002717661,0.004424514555918576,-0.00033320802909067495,-0.01525,0.065075,0.3633209491689892,C
11500630,방화1동,쇠퇴,쇠퇴,-0.0708862678300921,-0.016134626089325754,-0.009814697890195375,-0.00665,0.0692,0.3460702609544662,E
11500640,방화2동,쇠퇴,쇠퇴,-0.1623411768583822,-0.0400941211458339,-0.04543137272501278,-0.0066,0.04875,0.3138458478384356,E
11500641,방화3동,유지,유지,0.1117370330997438,0.07840126221192881,-0.007069862512510575,-0.01985,0.049350000000000005,0.4087533306786604,C
11530510,신도림동,쇠퇴,성장,-0.0822132725054229,-0.04601799960892125,0.006399832551221074,-0.0266,0.064225,0.3307214263944843,B
11530520,구로1동,유지,유지,-0.0454453828778634,0.03758168632944982,0.0058488244757596,0.0005249999999999994,0.037175,0.4557967464118069,C
11530530,구로2동,성장,성장,0.0132303497527557,0.0023436747386352493,-0.011340627743853623,-0.028075,0.050325,0.3492002662737279,B
11530540,구로3동,성장,성장,-0.0118742806976879,-0.005577629684542976,0.029751797686536224,-0.0174,0.065625,0.39700832700323196,A
11530550,구로4동,쇠퇴,쇠퇴,-0.0351610705562594,-0.016700987475182776,-0.002725510014077224,-0.02395,0.055175,0.35063261578440963,E
11530560,구로5동,쇠퇴,쇠퇴,-0.0396877535697755,-0.012000928733075625,-0.016273929321062225,-0.0146,0.049725000000000005,0.35630394774817065,E
11530595,가리봉동,성장,성장,-0.0546214156303109,-0.01806848008123315,0.0003296315591708003,-0.042899999999999994,0.07385,0.2969204813553612,B
11530720,고척1동,쇠퇴,쇠퇴,0.0145619648318809,0.01876126623751572,-0.006338858956960449,-0.014199999999999999,0.049275,0.3877159225466221,D
11530730,고척2동,유지,성장,0.003729843693852,0.0036124911478974025,-0.005972538225702925,-0.02105,0.0508,0.3675829041168489,A
11530740,개봉1동,쇠퇴,쇠퇴,-0.0266202807507524,-0.009745593786663172,0.007315494349565474,-0.01345,0.048275,0.39514410406000866,D
11530750,개봉2동,유지,유지,-0.0044025867300432,0.008764754007954375,-0.0271162815304086,-0.0060750000000000005,0.045899999999999996,0.3704274546788514,C
11530760,개봉3동,성장,성장,0.1532720249464121,0.01887779765343115,-0.0050050802212735,-0.018575,0.044625,0.390020319710183,A
11530770,오류1동,쇠퇴,쇠퇴,-0.0437685787090161,-0.009774910056901277,0.01381435031985975,-0.008625,0.0426,0.42041845923482546,D
11530780,오류2동,성장,성장,0.0259053176326342,-0.034016657919828996,-0.005299348350338925,-0.037075,0.062174999999999994,0.3072537178839009,B
11530790,수궁동,성장,성장,-0.072495574733143,-0.020752862397545674,-0.018287489965518097,-0.0111,0.037425,0.3729091151121958,A
11530800,항동,쇠퇴,쇠퇴,-0.1491342349812554,0.43408842249753293,0.00924575920173835,-0.0422,0.081225,0.5335314171378994,D
11545510,가산동,성장,성장,0.0394576763974612,-0.0012791710129202265,-0.01310869035316125,-0.00685,0.05835,0.36518883804680347,B
11545610,독산1동,성장,성장,0.0090410038807092,-0.011891662665995898,-0.0011311699222999513,-0.021025,0.055999999999999994,0.35863544077402343,B
11545620,독산2동,쇠퇴,쇠퇴,-0.065643717737144,-0.014463810886670052,-0.0085627073643583,-0.018,0.049775,0.360759050948039,D
11545630,독산3동,유지,유지,-0.0075797342461216,0.013350202683919699,-0.0005379547691860276,-0.0206,0.065975,0.35807737265886785,C
11545640,독산4동,유지,유지,-0.0924344738737987,-0.011953834943693602,-0.0020209424212646503,-0.019625,0.0425,0.3799412361541247,C
11545670,시흥1동,쇠퇴,쇠퇴,-0.02086651615607,0.006402571081222198,-0.006499189269943525,-0.027200000000000002,0.063,0.3403496610855451,E
11545680,시흥2동,쇠퇴,쇠퇴,-0.2176175234829948,-0.0635667165868677,-0.029025614103373898,-0.037375,0.061175,0.2591112403208714,E
11545690,시흥3동,유지,유지,-0.0325678453733916,0.004667431114992553,0.01928415473724445,-0.021249999999999998,0.05275,0.40096056718381606,C
11545700,시흥4동,쇠퇴,쇠퇴,-0.0917024732578463,-0.0299799087573376,-0.00763045630783225,-0.03525,0.07465,0.2899016104184827,E
11545710,시흥5동,유지,유지,0.0826484349170825,0.05935334266927924,-0.0030268542220273503,-0.006875000000000001,0.0461,0.4295010183916238,C
11560515,영등포본동,쇠퇴,쇠퇴,-0.0355091004562561,-0.004532699564805277,-0.007516326815432899,-0.010750000000000001,0.045475,0.38503064741938664,D
11560535,영등포동,쇠퇴,쇠퇴,-0.0301737775269992,0.0011167586344439755,0.00919010910521275,-0.010450000000000001,0.059525,0.39099326761428893,D
11560540,여의동,성장,성장,-0.0185517441473021,-0.010177765718831498,-0.014420249162937599,-0.0013,0.0555,0.3715419048492868,A
11560550,당산1동,쇠퇴,쇠퇴,-0.0176597491587348,-0.002598296243062374,-0.003552097933032976,-0.012424999999999999,0.05495,0.37476636306687744,D
11560560,당산2동,성장,성장,-0.0256243239899969,-0.016114421994572723,0.016119995279243276,-0.018224999999999998,0.05835,0.38183638330207315,A
11560585,도림동,유지,유지,-0.0312638467730533,0.014187675285624752,-0.004429907510739625,0.0016250000000000004,0.02875,0.4434590773970698,C
11560605,문래동,쇠퇴,쇠퇴,-0.0288447013824224,-0.006659064131212298,-0.013883607542893101,-0.011775,0.05155,0.36405077428241567,D
11560610,양평1동,유지,쇠퇴,0.0747506788904393,0.011733093356928724,-0.0416617033174426,-0.007425,0.05065,0.3419064336818763,E
11560620,양평2동,쇠퇴,쇠퇴,-0.0327450307120032,-0.010039323975467924,-0.01879067874686645,-0.018250000000000002,0.06265,0.3285334179566708,E
11560630,신길1동,쇠퇴,쇠퇴,-0.0429306667732017,-0.009716362682620678,-0.0015329692169172998,-0.0011750000000000003,0.034925,0.4215755693720903,D
11560650,신길3동,성장,성장,0.0650668390966246,0.011935450469026325,-0.0064443806258006504,-0.010025000000000001,0.05675,0.37910634997435155,A
11560660,신길4동,성장,성장,-0.068626320907079,-0.029845630825761027,0.0096422949708908,-0.019,0.061149999999999996,0.36004108667505824,B
11560670,신길5동,성장,성장,-0.0478777633252677,-0.014160443890190322,0.00019927583844297526,-0.01545,0.050625,0.3760604045352135,A
11560680,신길6동,성장,성장,0.0547859042034744,0.0111975071084912,-0.0048521227630047,-0.008849999999999998,0.046875,0.3977699167213976,A
11560690,신길7동,성장,성장,-0.0705891532162134,-0.032181721941530954,-0.006766962596473599,-0.0215,0.0553,0.3404145188107264,B
11560700,대림1동,쇠퇴,쇠퇴,-0.0260833999003106,-0.0010353475599024762,-0.008676913997640525,-0.028900000000000002,0.06964999999999999,0.32070171354492066,E
11560710,대림2동,유지,유지,-0.0635385434855519,0.00773552605748155,-0.0141587798304597,-0.037375,0.07192499999999999,0.30095946024726034,C
11560720,대림3동,쇠퇴,쇠퇴,-0.0105188610962433,0.0010394866730298012,-0.008372929782849975,-0.026175,0.0578,0.34435057930596735,E
11590510,노량진1동,성장,성장,-0.0351305992856764,-0.005278397811362676,-0.005160740162050325,-0.033675,0.06485,0.3234829042712728,B
11590520,노량진2동,성장,성장,0.1747205060528339,0.05639085423824895,-0.021076150940696824,-0.028175000000000002,0.057800000000000004,0.35177120301816867,B
11590530,상도1동,유지,유지,-0.0106846126759181,0.002919855487065323,-0.006801195028084101,-0.01005,0.054875,0.3767348470269679,C
11590540,상도2동,유지,유지,-0.0382719382969601,0.03151392104152743,0.00012957926794409996,0.005,0.04095,0.445625205398659,C
11590550,상도3동,유지,유지,-0.0348452206445148,-0.0014713931706829492,-0.0034147656166185,-0.015625,0.051125000000000004,0.3764354280114223,C
11590560,상도4동,쇠퇴,쇠퇴,-0.0747819404774707,-0.008090357144807025,-0.00618350600188545,-0.0213,0.041375,0.37512791610353957,D
11590605,흑석동,유지,유지,0.0129327587717583,0.0089277875807663,-0.020834105833380752,-0.014125,0.042725,0.3719554403956564,C
11590620,사당1동,쇠퇴,쇠퇴,-0.0326410422283674,-0.017441723625977373,-0.0076416262391044735,-0.006500000000000002,0.04765,0.3813933608575443,D
11590630,사당2동,쇠퇴,쇠퇴,-0.0407648195854448,-0.0065533812664848754,-0.011643326765224924,-0.021025000000000002,0.055099999999999996,0.3477390900458873,E
11590640,사당3동,쇠퇴,쇠퇴,-0.1036994914466001,-0.015819557060517724,-0.0028612101569312,-0.0273,0.058625,0.3405275035678847,E
11590650,사당4동,쇠퇴,성장,-0.0784341868082292,-0.031603715827528654,-0.004051964004364925,-0.013274999999999999,0.051175,0.3634610016533969,B
11590651,사당5동,성장,성장,0.1102766083150527,0.012478352077549151,-0.021208302086607775,-0.046075,0.083175,0.2629437892292031,B
11590660,대방동,유지,유지,-0.0156727222393192,0.005177637411920649,0.0017087008323898253,-0.017825,0.04215,0.39742736487824526,C
11590670,신대방1동,쇠퇴,쇠퇴,-0.0289041992931611,-0.014897270823621328,0.005599121908758925,-0.010425,0.043175,0.40239522331346034,D
11590680,신대방2동,유지,유지,-0.0399222082502362,0.015128187111526546,-0.00416834491330885,-0.00875,0.055275000000000005,0.38820235395984615,C
11620525,보라매동,유지,유지,-0.0513078876187431,-0.002101017679716554,0.007301785303249299,-0.01685,0.065025,0.36847715808171544,C
11620545,청림동,유지,유지,0.0346151991340472,0.026470646136988053,-0.0011972549967655503,-0.04195,0.0869,0.29946253759058883,C
11620565,성현동,유지,유지,0.2417485258261674,0.12592119902640844,0.01820061832807523,-0.038875,0.061325000000000005,0.42212669789815854,C
11620575,행운동,성장,성장,0.0600270678660884,-0.0010271468646816488,0.008365097564528051,-0.023925,0.0627,0.3632252531432842,B
11620585,낙성대동,유지,유지,-0.0368876159841206,-0.002913439018600675,-0.009827097987235,-0.0201,0.06225,0.34279945487356367,C
11620595,청룡동,쇠퇴,쇠퇴,-0.0548493385781829,-0.0115418479234503,-0.0030927242743017747,-0.030524999999999997,0.079275,0.3061641443680235,E
11620605,은천동,쇠퇴,쇠퇴,-0.0271909559936298,-0.006885879096188199,-0.0016506073004158243,-0.028575,0.075575,0.3192333322158397,E
11620615,중앙동,유지,유지,-0.0194909530982308,-0.0021735897848028495,-0.017706642372301774,-0.021325,0.061349999999999995,0.3314070083661954,C
11620625,인헌동,쇠퇴,쇠퇴,-0.020373111683198,-0.006930914520237499,-0.009937472715247624,-0.034125,0.0728,0.3030611881022749,E
11620630,남현동,성장,성장,-0.020577918020865,-0.011444218289385102,-0.021774813672428398,0.0003250000000000002,0.0364,0.3918188923863323,A
11620645,서원동,성장,성장,-0.0450454269490183,-0.012139102184664574,-0.018427418929077947,-0.041075,0.076725,0.2716244885815369,B
11620655,신원동,유지,유지,-0.0152794026435874,0.006212286126895097,-0.01034219904768075,-0.0148,0.051199999999999996,0.3716631417527886,C
11620665,서림동,유지,유지,0.0805275537124594,0.05789891443325342,-0.008288531130398626,-0.03285,0.084175,0.3236787660503906,C
11620685,신사동,성장,성장,-0.0116061923012112,-0.017382040524904524,-0.006592875897808075,-0.02585,0.0638,0.3287661238591836,B
11620695,신림동,성장,성장,-0.0546424822845915,-0.020453668445635925,-0.005870601731506475,-0.02155,0.061,0.33904799598598645,B
11620715,난향동,쇠퇴,쇠퇴,-0.0812744771371209,0.018272934258976522,-0.018796824480760425,-0.0241,0.059125,0.33954568029819576,E
11620725,조원동,쇠퇴,쇠퇴,-0.0167223053843762,-0.00014885021810022436,0.011798822569211151,-0.017225,0.059175,0.38420585986898464,D
11620735,대학동,쇠퇴,쇠퇴,-0.113413465413698,-0.010844980537953682,0.0033818606168351003,-0.04305,0.075325,0.3025545298076729,E
11620745,삼성동,유지,유지,-0.0042561301189962,0.008904675519038277,-0.009481805035788701,-0.018575,0.040575,0.3846006413249128,C
11620765,미성동,성장,성장,-0.076687557789396,-0.03527238969409492,0.001279200218289675,-0.020999999999999998,0.054275000000000004,0.35263442920955146,B
11620775,난곡동,유지,유지,0.1847081630221144,0.05844728936361363,-0.006192013690527774,-0.031775,0.069775,0.35043387167947093,C
11650510,서초1동,쇠퇴,쇠퇴,-0.0225569107565509,-0.002444181756190749,-0.0070942682419260755,-0.005425,0.0533,0.38302116107536266,D
11650520,서초2동,유지,유지,0.0058327284166281,9.983856349384977e-05,0.002039020138016075,0.002024999999999999,0.0542,0.40745214769444676,C
11650530,서초3동,성장,성장,-0.0090009345193941,-0.008594934976462198,-0.0007460422591533751,-0.012625,0.059675,0.3682048979742513,A
11650531,서초4동,유지,유지,-0.0394304800745069,0.0015823094611681528,-0.0018890957956560744,-0.0015999999999999994,0.053325000000000004,0.39837206687597443,C
11650540,잠원동,성장,성장,-0.0257939043719303,-0.012479509440260723,0.03371431922047992,-0.010475,0.05505,0.4257496494033024,A
11650550,반포본동,유지,유지,0.206655851364129,0.08119358093143642,0.026091005802410076,-0.05475000000000001,0.116675,0.30201440566678234,C
11650560,반포1동,성장,성장,0.0059205740281843,-0.0125273199924879,-0.0026292604218390503,-0.006950000000000001,0.05675,0.3766162296392034,A
11650570,반포2동,쇠퇴,쇠퇴,-0.1776999999608955,-0.010539885499768479,0.005745263997948651,-0.043050000000000005,0.07305,0.30953820596021225,E
11650580,반포3동,유지,유지,0.0190723180258807,0.018069150382458276,-0.009022971992795925,-0.04825,0.05355,0.3248182761073838,C
11650581,반포4동,성장,성장,-0.0175084518515709,-0.00480715736183315,-0.0124148971613721,-9.99999999999994e-05,0.048875,0.3890689976994498,A
11650590,방배본동,성장,성장,-0.0292651674200346,-0.019474342168181225,-0.00842879782110615,-0.01715,0.04365,0.36894516361195295,A
11650600,방배1동,유지,유지,-0.0314740758335457,-0.0006086901265906792,-0.001360504741575375,-0.014175,0.07402500000000001,0.3473313842458583,C
11650610,방배2동,유지,유지,0.0263686024801454,0.019126135713775427,-0.01558032200345965,-0.0126,0.0579,0.3640786640264699,C
11650620,방배3동,유지,유지,-0.0307483597416303,-0.008045468188648127,-0.0022763869332884747,-0.015325,0.054225,0.3704218201956765,C
11650621,방배4동,유지,유지,0.065603866722318,0.03323178926784705,0.017425249206999574,-0.0127,0.06395,0.40922234314722333,C
11650651,양재1동,성장,성장,-0.0366361338176815,-0.009203545677813696,0.0018206827732831507,-0.013524999999999999,0.05025,0.3844634025992525,A
11650652,양재2동,쇠퇴,쇠퇴,-0.0742449664640586,-0.017473567857316304,-0.009155786726485201,-0.007775,0.0454,0.38066786643387396,D
11650660,내곡동,성장,성장,0.0534033703690335,0.008200739998341899,0.029130645270366927,0.0156,0.042225,0.4893318955663669,A
11680510,신사동,유지,유지,-0.0652757567579576,-0.012618209931566175,-0.013544642692259627,-0.020325000000000003,0.064975,0.3279894442566291,C
11680521,논현1동,쇠퇴,쇠퇴,-0.0352584134632402,-0.0023510552531148497,-0.013559975850822076,-0.0075250000000000004,0.0595,0.3612108892476579,D
11680531,논현2동,성장,성장,-0.0580574153019682,-0.021822067369424776,-0.010500715759759175,-0.01695,0.07525,0.31717915863864515,B
11680545,압구정동,쇠퇴,쇠퇴,-0.1085864472082249,-0.0330445394483945,-0.008963259801763851,-0.017300000000000003,0.066525,0.3262570263346878,E
11680565,청담동,유지,유지,-0.0271217795169143,-0.0002402112796461714,0.0059439685143678,-0.011375,0.062175,0.38021666353069783,C
11680580,삼성1동,유지,유지,-0.0151916556755626,0.009845346073835123,0.011339146225629473,-0.0022500000000000016,0.057225,0.4146440079005914,C
11680590,삼성2동,유지,유지,0.0276765219791392,0.012188283546253903,-0.00880786445026545,-0.015975,0.06805,0.34960607430975077,C
11680600,대치1동,쇠퇴,유지,-0.0969283268246696,-0.019229759356089626,-0.0042575728261600235,-0.029475,0.089675,0.28636815053930176,C
11680610,대치2동,유지,유지,0.0776083793773398,0.029517711096024746,0.004300655213897452,-0.016624999999999997,0.064025,0.3824105553096446,C
11680630,대치4동,쇠퇴,쇠퇴,-0.0345135481539745,-0.013455495315618201,-0.007396802354538998,-0.012575,0.06355,0.350388434479517,E
11680640,역삼1동,성장,성장,0.0034012940106706,-0.0004850225040631019,-0.005389899517158375,-0.0151,0.06985,0.34654643696261644,B
11680650,역삼2동,유지,유지,-0.0202265158804901,0.001592769100513475,-0.004026361842995924,-0.021949999999999997,0.076725,0.3286434887419797,C
11680655,도곡1동,유지,유지,-0.0175441819349863,-0.008138491874752598,0.02503651099100375,-0.005849999999999999,0.04475,0.4383000888204078,C
11680656,도곡2동,쇠퇴,쇠퇴,-0.038150901557487,-0.011874509619409203,-0.009491746657237373,2.499999999999985e-05,0.051725,0.3854612708978217,D
11680660,개포1동,쇠퇴,유지,-0.2440245791363223,-0.05667706138841765,-0.0075610111603178,0.0,0.0,0.4433994414373803,C
11680670,개포2동,쇠퇴,쇠퇴,-0.0523160462109381,0.030517121816262024,-0.004886651190177575,-0.009499999999999998,0.047975000000000004,0.40505349929315315,D
11680690,개포4동,쇠퇴,쇠퇴,-0.0250496562190621,-0.005903339959642999,-0.005675247225460849,-0.014249999999999999,0.0484,0.37715087362709987,D
11680700,세곡동,유지,유지,-0.0052781996633983,0.0203322553433847,-0.008508227913480375,-0.019075,0.07215,0.3432793988743661,C
11680720,일원본동,유지,유지,0.0271708854575454,0.016401528307948925,0.007048475767861502,-0.004074999999999999,0.029525,0.45109132998693824,C
11680730,일원1동,쇠퇴,쇠퇴,-0.0530407031505227,-0.005808801205529175,-0.0015391496159367487,-0.01635,0.049675,0.3779572565309733,D
11680750,수서동,성장,성장,0.014026250817482,-0.001163011588008463,-0.002376196938105351,0.006900000000000001,0.042125,0.4262682926735788,A
11710510,풍납1동,성장,성장,0.0393686719715783,0.010855987614375425,-0.023770936226704474,-0.020025,0.04015,0.36361011718473846,B
11710520,풍납2동,쇠퇴,쇠퇴,-0.1052339874940008,-0.03242565032361727,0.013881566604817826,-0.025374999999999998,0.044725,0.3798825295061047,D
11710531,거여1동,쇠퇴,쇠퇴,-0.045706749218148,-0.00983305076303115,0.0016306969641323513,-0.01335,0.040625,0.3987234146900717,D
11710532,거여2동,쇠퇴,쇠퇴,-0.0299423790666283,-0.0035914081521605766,-0.0010878810098120242,-0.010575,0.045675,0.3946698419530034,D
11710540,마천1동,쇠퇴,쇠퇴,-0.3840126287413992,-0.09192513631018058,-0.044011147084832995,-0.049475000000000005,0.076975,0.18051436742767327,E
11710550,마천2동,성장,성장,0.0128949140731871,-0.03399135686844923,-0.009554678184236574,-0.01585,0.039875,0.36753990738111575,B
11710561,방이1동,쇠퇴,쇠퇴,-0.0240330994696328,0.0036235696048883253,-0.026549034297334347,-0.017175000000000003,0.068,0.31805566218981557,E
11710562,방이2동,쇠퇴,쇠퇴,-0.0202706301954024,-0.0037676753157809273,-0.00029525858449250004,-0.021425,0.065975,0.3483010272786934,E
11710566,오륜동,쇠퇴,쇠퇴,-0.1298021223073366,0.04235485816800023,0.02109186361382865,0.022525,0.068325,0.466577890617992,D
11710570,오금동,쇠퇴,쇠퇴,-0.1013495658350847,-0.0024989965420224754,0.0016025563229086761,-0.017775,0.050875000000000004,0.38015529233204093,D
11710580,송파1동,쇠퇴,쇠퇴,-0.0468525382882147,-0.009978608446880444,-0.0184409957369383,-0.00955,0.058925000000000005,0.34805420210424415,E
11710590,송파2동,쇠퇴,쇠퇴,-0.0180806570845027,-0.004625378370817624,0.000527785816170051,-0.017125,0.070725,0.3484288018279489,E
11710600,석촌동,쇠퇴,쇠퇴,-0.0237057221546208,-0.005349439046056051,-0.005830987066880175,-0.0103,0.06515,0.35788480670291367,E
11710610,삼전동,성장,성장,-0.0192736325510215,0.0013041270172252238,-0.007259143084657775,-0.011775,0.068175,0.3524394621906082,B
11710620,가락본동,쇠퇴,쇠퇴,-0.088477664784359,-0.00863680465961705,0.005170915195666474,-0.017475,0.06055,0.3678742095386419,D
11710631,가락1동,쇠퇴,쇠퇴,0.0149069849890016,0.03086507083311822,-0.0207847096370878,-0.018725,0.0417,0.37787613674849274,D
11710632,가락2동,성장,성장,0.0044041154858716,-0.022724939714636527,-0.02039589464036835,-0.01265,0.0581,0.33516060418783944,B
11710641,문정1동,성장,성장,-0.0235644562713535,-0.014656224860188624,0.0006078348176995242,-0.007124999999999999,0.0502,0.3898003144019468,A
11710642,문정2동,성장,성장,0.0412339119047149,0.0027483286981248747,0.00899622434696875,-0.017175,0.07300000000000001,0.36082164249474,B
11710646,장지동,쇠퇴,쇠퇴,-0.09427274859974,-0.04040642659774753,-0.0121655843708384,-0.021150000000000002,0.056225,0.3275781766074759,E
11710647,위례동,쇠퇴,쇠퇴,-0.024404471470818,-0.0295126075437734,0.02215848703181095,-0.03105,0.0924,0.31225220529704584,E
11710650,잠실본동,유지,유지,0.0305065879130443,0.006800171275628023,-0.006203529878626226,-0.01915,0.059975,0.3579096247963146,C
11710670,잠실2동,유지,유지,-0.0269240421897672,0.048473343050041064,0.01083579863824195,-0.023425,0.06815,0.38487688329142494,C
11710680,잠실3동,유지,유지,0.4296146081211184,0.1501026632375198,-0.022520383341415498,-0.014,0.0567,0.4216076125235693,C
11710690,잠실4동,유지,유지,-0.2048678571491286,-0.0015260559748593167,-0.026939726730423125,-0.0553,0.088725,0.22494525225954912,C
11710710,잠실6동,쇠퇴,쇠퇴,-0.0227846701479711,-0.024104352515880223,-0.011801716826341551,-0.0031,0.0582,0.36122436484422266,D
11710720,잠실7동,유지,유지,-0.0194065252140122,0.05729524769416597,0.01356722383218885,0.016675,0.016675,0.5328703882690546,C
11740515,강일동,쇠퇴,쇠퇴,-0.0233998097811356,-0.004272926647893624,-0.02136728549995415,-0.0025499999999999997,0.083675,0.32004671658074413,E
11740530,명일1동,쇠퇴,쇠퇴,-0.0535714258343812,-0.014129687952127299,-0.014476957559672226,-0.02405,0.05625,0.3333864631651777,E
11740540,명일2동,유지,유지,-0.0302367683771075,-0.00011689398828472648,-0.005067605083127924,-0.031849999999999996,0.07317499999999999,0.31646754647327086,C
11740550,고덕1동,유지,유지,0.1517274859996645,0.05480714451265785,-0.0174596974117029,-0.023349999999999996,0.05695,0.3648086193469862,C
11740560,고덕2동,쇠퇴,쇠퇴,-0.1319169881320586,-0.025716515641124125,0.00393102588696115,0.017125,0.073275,0.39104407339000163,D
11740570,암사1동,성장,성장,0.0493929251027435,0.005924499532077427,-0.00843107753722095,-0.030625,0.0647,0.3295116266209288,B
11740580,암사2동,쇠퇴,쇠퇴,-0.0988742413321336,-0.02342889591893115,-0.01475459532794145,-0.007500000000000001,0.045875,0.36928679944594134,D
11740590,암사3동,유지,유지,0.1756090035004663,0.0732992730588984,0.029709461838691626,-0.03055,0.080275,0.3953894965573625,C
11740600,천호1동,쇠퇴,쇠퇴,-0.0528012275246997,-0.013970054142254076,-0.010493773356533976,-0.035725,0.067875,0.30363465930436917,E
11740610,천호2동,유지,유지,0.0391736538974694,0.017713142149625074,-0.004326741082282175,-0.021275,0.061875,0.360099693775542,C
11740620,천호3동,유지,유지,0.0344603079594622,0.021327625000876652,7.592642222424822e-06,-0.018325,0.064475,0.36874787269271053,C
11740640,성내1동,쇠퇴,쇠퇴,-0.0437602262943976,-0.015358410835253699,-0.008332569403943824,-0.0123,0.04875,0.37092096871403574,D
11740650,성내2동,성장,성장,0.1493262667233102,0.0355929576411563,-0.008198338651435051,-0.016925,0.0605,0.3725748361887955,A
11740660,성내3동,성장,성장,0.1202646882568798,0.0033648523396173236,0.002565085316112825,-0.010374999999999999,0.045725,0.4037208333072162,A
11740685,길동,쇠퇴,쇠퇴,-0.0047441786429659,-0.0024967203990115,0.005477662055963825,-0.016825,0.0608,0.3721078381919368,D
11740700,둔촌2동,성장,성장,-0.0207536868336623,-0.003477788536703573,-0.008911974433425425,-0.006574999999999999,0.035375,0.4052942151557407,A
