분기코드,구코드,구명,총유동인구,남성유동인구,여성유동인구,연령대_10,연령대_20,연령대_30,연령대_40,연령대_50,연령대_60이상,최다성별,최다연령대,유동인구_gap,유동인구_delta
2023Q1,11110,종로구,68350496.0,33052311.0,35298185.0,7213194.0,12856265.0,10872252.0,11088714.0,11262697.0,15057374.0,F,60대이상,0.0,0.0
2023Q2,11110,종로구,69035534.0,33128180.0,35907354.0,7669486.0,13261873.0,10882904.0,10996275.0,11248242.0,14976753.0,F,60대이상,685038.0,0.010022429098393015
2023Q3,11110,종로구,66318125.0,31968453.0,34349672.0,7091839.0,12461661.0,10692464.0,10722141.0,10941341.0,14408681.0,F,60대이상,-2717409.0,-0.03936246802986998
2023Q4,11110,종로구,68732339.0,33030679.0,35701660.0,7553861.0,13333356.0,10921237.0,10999779.0,11206994.0,14717112.0,F,60대이상,2414214.0,0.036403532216871426
2024Q1,11110,종로구,66649984.0,32157573.0,34492412.0,7028075.0,12526193.0,10722868.0,10878828.0,10983369.0,14510653.0,F,60대이상,-2082355.0,-0.030296582806530137
2024Q2,11110,종로구,68281097.0,32607376.0,35673721.0,7561585.0,13505424.0,10845643.0,10877351.0,10937625.0,14553469.0,F,60대이상,1631113.0,0.024472819078246166
2024Q3,11110,종로구,65170668.0,31348665.0,33822003.0,6858675.0,12504655.0,10536976.0,10581463.0,10589050.0,14099850.0,F,60대이상,-3110429.0,-0.04555329566541677
2024Q4,11110,종로구,67784322.0,32394267.0,35390055.0,7312618.0,13379615.0,10778714.0,10895276.0,10879707.0,14538391.0,F,60대이상,2613654.0,0.040104760012587226
2025Q1,11110,종로구,65283405.0,31449217.0,33834188.0,6740492.0,12349203.0,10559996.0,10691375.0,10640572.0,14301766.0,F,60대이상,-2500917.0,-0.03689521302580856
2025Q2,11110,종로구,67472405.0,32057723.0,35414681.0,7279964.0,13321065.0,10840234.0,10899367.0,10803763.0,14328012.0,F,60대이상,2189000.0,0.033530726529965804
2025Q3,11110,종로구,64498615.0,30858173.0,33640441.0,6514909.0,12309188.0,10612717.0,10687442.0,10527055.0,13847302.0,F,60대이상,-2973790.0,-0.04407416632029049
2025Q4,11110,종로구,65802111.0,31327878.0,34474233.0,6861808.0,12986540.0,10581367.0,10717257.0,10588019.0,14067121.0,F,60대이상,1303496.0,0.020209674269749733
2023Q1,11140,중구,59566014.0,29553436.0,30012577.0,4885395.0,10037184.0,12023873.0,10882560.0,9693164.0,12043837.0,F,60대이상,0.0,0.0
2023Q2,11140,중구,60438347.0,29766992.0,30671356.0,5216592.0,10179950.0,12166569.0,10948947.0,9789619.0,12136671.0,F,30대,872333.0,0.014644810713706713
2023Q3,11140,중구,58458194.0,28777883.0,29680311.0,4755223.0,9817075.0,11937345.0,10708081.0,9514893.0,11725577.0,F,30대,-1980153.0,-0.032763189238117274
2023Q4,11140,중구,60590175.0,29720254.0,30869922.0,5103464.0,10307289.0,12192771.0,11016987.0,9846734.0,12122929.0,F,30대,2131981.0,0.03647018243498934
2024Q1,11140,중구,59082215.0,29001289.0,30080926.0,4902799.0,9926838.0,11967681.0,10812798.0,9598826.0,11873272.0,F,30대,-1507960.0,-0.024887863420100742
2024Q2,11140,중구,59244434.0,28865502.0,30378932.0,4853259.0,10128281.0,11965381.0,10847118.0,9568422.0,11881973.0,F,30대,162219.0,0.0027456485847729972
2024Q3,11140,중구,56925213.0,27823130.0,29102084.0,4503133.0,9654628.0,11624292.0,10525398.0,9247616.0,11370147.0,F,30대,-2319221.0,-0.03914664793658085
2024Q4,11140,중구,59119565.0,28700758.0,30418807.0,4659524.0,10146070.0,12014885.0,10896203.0,9521019.0,11881864.0,F,30대,2194352.0,0.038547980488013334
2025Q1,11140,중구,57130038.0,27839450.0,29290587.0,4432787.0,9614348.0,11684000.0,10567894.0,9227514.0,11603495.0,F,30대,-1989527.0,-0.03365259876320137
2025Q2,11140,중구,57720987.0,28003303.0,29717685.0,4614651.0,9859104.0,11640832.0,10633828.0,9308079.0,11664493.0,F,60대이상,590949.0,0.010343928005088987
2025Q3,11140,중구,57148490.0,27695258.0,29453231.0,4452937.0,9637750.0,11612700.0,10699209.0,9267111.0,11478781.0,F,30대,-572497.0,-0.009918350841783052
2025Q4,11140,중구,56968371.0,27590703.0,29377668.0,4667495.0,9641103.0,11318360.0,10566085.0,9179911.0,11595418.0,F,60대이상,-180119.0,-0.003151771814093429
2023Q1,11170,용산구,63770566.0,30403540.0,33367026.0,7591374.0,10089606.0,12979857.0,11221431.0,9170708.0,12717589.0,F,30대,0.0,0.0
2023Q2,11170,용산구,63775628.0,30357712.0,33417914.0,7775149.0,10229262.0,12935908.0,11196721.0,9116400.0,12522188.0,F,30대,5062.0,7.93783138133275e-05
2023Q3,11170,용산구,63238612.0,30185551.0,33053061.0,7587993.0,10118990.0,12777200.0,11136778.0,9076371.0,12541280.0,F,30대,-537016.0,-0.008420395327192964
2023Q4,11170,용산구,63716168.0,30383077.0,33333090.0,7745800.0,10140983.0,12799541.0,11319445.0,9160020.0,12550377.0,F,30대,477556.0,0.007551652145685983
2024Q1,11170,용산구,62142113.0,29670426.0,32471688.0,7429032.0,9812035.0,12530096.0,11114777.0,8959228.0,12296944.0,F,30대,-1574055.0,-0.024704169277725563
2024Q2,11170,용산구,59713443.0,28394354.0,31319089.0,7380158.0,9592079.0,12117541.0,10682667.0,8477842.0,11463155.0,F,30대,-2428670.0,-0.039082513978885736
2024Q3,11170,용산구,58581054.0,27980450.0,30600604.0,7185505.0,9348723.0,11870028.0,10502581.0,8408973.0,11265244.0,F,30대,-1132389.0,-0.018963719777471244
2024Q4,11170,용산구,59598747.0,28316074.0,31282672.0,7283541.0,9672781.0,12050182.0,10694683.0,8552439.0,11345120.0,F,30대,1017693.0,0.01737239142197744
2025Q1,11170,용산구,58778310.0,28039598.0,30738711.0,7001465.0,9406914.0,11864253.0,10644528.0,8516660.0,11344490.0,F,30대,-820437.0,-0.013766010886101299
2025Q2,11170,용산구,58440217.0,27777963.0,30662254.0,7265771.0,9518476.0,11709239.0,10528867.0,8414787.0,11003076.0,F,30대,-338093.0,-0.00575200273706411
2025Q3,11170,용산구,57930855.0,27663357.0,30267498.0,7120455.0,9482493.0,11673532.0,10435723.0,8339560.0,10879092.0,F,30대,-509362.0,-0.008715949839816606
2025Q4,11170,용산구,57452824.0,27319119.0,30133705.0,7123362.0,9299873.0,11504242.0,10390369.0,8319180.0,10815797.0,F,30대,-478031.0,-0.008251751160931464
2023Q1,11200,성동구,74270974.0,35058347.0,39212626.0,9924433.0,12988554.0,13466058.0,12061987.0,10793956.0,15035987.0,F,60대이상,0.0,0.0
2023Q2,11200,성동구,73197584.0,34538011.0,38659574.0,9735461.0,13226314.0,13262682.0,11939969.0,10546444.0,14486716.0,F,60대이상,-1073390.0,-0.01445234850427568
2023Q3,11200,성동구,72712899.0,34346496.0,38366404.0,9607010.0,12758153.0,13199893.0,11952426.0,10618832.0,14576586.0,F,60대이상,-484685.0,-0.006621598330349254
2023Q4,11200,성동구,74398165.0,35165030.0,39233134.0,9872428.0,13234025.0,13518830.0,12234379.0,10840867.0,14697638.0,F,60대이상,1685266.0,0.023176988170970914
2024Q1,11200,성동구,74772056.0,35395296.0,39376760.0,9913695.0,12920450.0,13621010.0,12361872.0,11035939.0,14919091.0,F,60대이상,373891.0,0.005025540616492297
2024Q2,11200,성동구,73792488.0,34698229.0,39094259.0,9745549.0,13285381.0,13524536.0,12092294.0,10736586.0,14408143.0,F,60대이상,-979568.0,-0.013100723082965615
2024Q3,11200,성동구,72164706.0,33974860.0,38189846.0,9489162.0,12530822.0,13228512.0,11916687.0,10655520.0,14344003.0,F,60대이상,-1627782.0,-0.0220589120128325
2024Q4,11200,성동구,73277025.0,34468611.0,38808415.0,9643335.0,13092408.0,13464613.0,12073256.0,10657932.0,14345481.0,F,60대이상,1112319.0,0.015413615071057096
2025Q1,11200,성동구,72864406.0,34416140.0,38448266.0,9677543.0,12626340.0,13405322.0,12063133.0,10676575.0,14415492.0,F,60대이상,-412619.0,-0.005630946398274217
2025Q2,11200,성동구,72624910.0,34136411.0,38488499.0,9683179.0,13126552.0,13379885.0,11958499.0,10500163.0,13976631.0,F,60대이상,-239496.0,-0.003286872331052848
2025Q3,11200,성동구,71779647.0,33701166.0,38078482.0,9557401.0,12715717.0,13355498.0,11896125.0,10423948.0,13830958.0,F,60대이상,-845263.0,-0.01163874764182149
2025Q4,11200,성동구,72868640.0,34164321.0,38704319.0,9813711.0,13070778.0,13491183.0,12053501.0,10510689.0,13928778.0,F,60대이상,1088993.0,0.015171334013386772
2023Q1,11215,광진구,92762592.0,43252760.0,49509831.0,13717693.0,17679260.0,15679506.0,14081052.0,13365234.0,18239844.0,F,60대이상,0.0,0.0
2023Q2,11215,광진구,92598965.0,43026562.0,49572402.0,13874034.0,18261298.0,15603410.0,13979523.0,13047553.0,17833146.0,F,20대,-163627.0,-0.0017639330302456901
2023Q3,11215,광진구,91012372.0,42323569.0,48688801.0,13493081.0,17471105.0,15269783.0,13881224.0,12955388.0,17941791.0,F,60대이상,-1586593.0,-0.017134025202117487
2023Q4,11215,광진구,93233642.0,43391651.0,49841992.0,13757037.0,18290572.0,15569996.0,14147908.0,13221855.0,18246275.0,F,20대,2221270.0,0.02440624226341437
2024Q1,11215,광진구,93274090.0,43568085.0,49706005.0,13920734.0,17694724.0,15593701.0,14230489.0,13321180.0,18513261.0,F,60대이상,40448.0,0.0004338348168357875
2024Q2,11215,광진구,92118931.0,42824945.0,49293987.0,13892248.0,18245701.0,15363719.0,13912070.0,12900396.0,17804798.0,F,20대,-1155159.0,-0.012384564673855292
2024Q3,11215,광진구,90112231.0,42026139.0,48086092.0,13354738.0,17151006.0,15041051.0,13829728.0,12937820.0,17797887.0,F,60대이상,-2006700.0,-0.02178379599302993
2024Q4,11215,광진구,91857304.0,42836301.0,49021002.0,13619333.0,18175713.0,15260212.0,14056196.0,12976209.0,17769642.0,F,20대,1745073.0,0.019365550942801457
2025Q1,11215,광진구,90391276.0,42171531.0,48219746.0,13414496.0,17208175.0,15144281.0,13934287.0,12861281.0,17828757.0,F,60대이상,-1466028.0,-0.015959841364383998
2025Q2,11215,광진구,90024784.0,41732416.0,48292369.0,13634162.0,17901880.0,15023917.0,13726680.0,12530879.0,17207266.0,F,20대,-366492.0,-0.004054506322048179
2025Q3,11215,광진구,88047148.0,40721455.0,47325692.0,13182561.0,16955071.0,14836004.0,13566031.0,12351832.0,17155646.0,F,60대이상,-1977636.0,-0.021967683921352177
2025Q4,11215,광진구,88459439.0,40890225.0,47569214.0,13125158.0,17528201.0,14807739.0,13583314.0,12265657.0,17149372.0,F,20대,412291.0,0.004682616181957311
2023Q1,11230,동대문구,105938883.0,50332753.0,55606131.0,13841775.0,21472316.0,15300774.0,15548076.0,14964805.0,24811135.0,F,60대이상,0.0,0.0
2023Q2,11230,동대문구,107562233.0,50837082.0,56725152.0,14396446.0,23478993.0,15239906.0,15460050.0,14823332.0,24163507.0,F,60대이상,1623350.0,0.015323457771402094
2023Q3,11230,동대문구,103704520.0,49274218.0,54430301.0,13595040.0,20977736.0,15031009.0,15303153.0,14775208.0,24022373.0,F,60대이상,-3857713.0,-0.035864939694957854
2023Q4,11230,동대문구,107548397.0,50738801.0,56809595.0,14109932.0,23423759.0,15303911.0,15612587.0,14995923.0,24102284.0,F,60대이상,3843877.0,0.03706566502597952
2024Q1,11230,동대문구,104940346.0,49788228.0,55152118.0,13883274.0,20968282.0,15245475.0,15613435.0,15029183.0,24200697.0,F,60대이상,-2608051.0,-0.024250022062160537
2024Q2,11230,동대문구,106517526.0,50204114.0,56313412.0,14344617.0,23274270.0,15154649.0,15403802.0,14786638.0,23553550.0,F,60대이상,1577180.0,0.015029300551381741
2024Q3,11230,동대문구,102087421.0,48442238.0,53645184.0,13152803.0,20730122.0,14954182.0,15237434.0,14618254.0,23394627.0,F,60대이상,-4430105.0,-0.04159038579247509
2024Q4,11230,동대문구,104589726.0,49287444.0,55302280.0,13344965.0,23024182.0,14928567.0,15352000.0,14633059.0,23306953.0,F,60대이상,2502305.0,0.024511394013959853
2025Q1,11230,동대문구,102586472.0,48642063.0,53944409.0,13401188.0,20746746.0,14976209.0,15394908.0,14728730.0,23338690.0,F,60대이상,-2003254.0,-0.019153449163830882
2025Q2,11230,동대문구,104106305.0,48826561.0,55279744.0,13945120.0,22993289.0,15090884.0,15186862.0,14448210.0,22441940.0,F,20대,1519833.0,0.014815140538218419
2025Q3,11230,동대문구,101275440.0,47535291.0,53740148.0,13295909.0,20782854.0,15275600.0,15132671.0,14431421.0,22356986.0,F,60대이상,-2830865.0,-0.027192061037993764
2025Q4,11230,동대문구,104514740.0,48721986.0,55792753.0,13803334.0,22666564.0,15574881.0,15429578.0,14541442.0,22498942.0,F,20대,3239300.0,0.03198504987981288
2023Q1,11260,중랑구,98823560.0,46422576.0,52400984.0,13789666.0,13026911.0,15273989.0,14755625.0,16496999.0,25480369.0,F,60대이상,0.0,0.0
2023Q2,11260,중랑구,96598350.0,45256354.0,51341996.0,13385097.0,12845344.0,15092265.0,14495368.0,16048721.0,24731556.0,F,60대이상,-2225210.0,-0.022516998982833658
2023Q3,11260,중랑구,96677469.0,45293069.0,51384398.0,13426706.0,12775369.0,15096451.0,14564898.0,16008975.0,24805070.0,F,60대이상,79119.0,0.0008190512570867003
2023Q4,11260,중랑구,97500881.0,45839888.0,51660995.0,13678715.0,12692468.0,15213216.0,14775557.0,16154648.0,24986280.0,F,60대이상,823412.0,0.008517103400793369
2024Q1,11260,중랑구,97869230.0,46035301.0,51833929.0,13567526.0,12803675.0,15244735.0,14782375.0,16193017.0,25277904.0,F,60대이상,368349.0,0.003777904324782533
2024Q2,11260,중랑구,93747281.0,43914760.0,49832520.0,12853938.0,12423243.0,14744442.0,14171620.0,15405586.0,24148453.0,F,60대이상,-4121949.0,-0.04211690436309756
2024Q3,11260,중랑구,92572434.0,43369806.0,49202629.0,12519000.0,12232743.0,14576028.0,13969857.0,15182158.0,24092647.0,F,60대이상,-1174847.0,-0.01253206479663127
2024Q4,11260,중랑구,93145934.0,43674815.0,49471119.0,12730046.0,12339678.0,14665080.0,14115304.0,15137652.0,24158175.0,F,60대이상,573500.0,0.006195148763183722
2025Q1,11260,중랑구,94470012.0,44450670.0,50019343.0,12774519.0,12440032.0,14892426.0,14360647.0,15361452.0,24640937.0,F,60대이상,1324078.0,0.014215091772014521
2025Q2,11260,중랑구,92353986.0,43339866.0,49014120.0,12560332.0,12176859.0,14649803.0,14112332.0,14984431.0,23870228.0,F,60대이상,-2116026.0,-0.022398917446946
2025Q3,11260,중랑구,92447008.0,43242121.0,49204888.0,12556908.0,12142565.0,14653804.0,14105488.0,15022535.0,23965707.0,F,60대이상,93022.0,0.001007233190779555
2025Q4,11260,중랑구,92797389.0,43531653.0,49265736.0,12709729.0,12205480.0,14770452.0,14203951.0,15005886.0,23901891.0,F,60대이상,350381.0,0.0037900739848715226
2023Q1,11290,성북구,120107872.0,55020501.0,65087371.0,21220978.0,20355712.0,16518626.0,18017911.0,17531450.0,26463195.0,F,60대이상,0.0,0.0
2023Q2,11290,성북구,120785905.0,54876812.0,65909092.0,21520588.0,21589958.0,16315665.0,17885364.0,17423784.0,26050545.0,F,60대이상,678033.0,0.005645200341239942
2023Q3,11290,성북구,117624977.0,53656478.0,63968499.0,20398906.0,20030483.0,16078527.0,17744138.0,17394417.0,25978506.0,F,60대이상,-3160928.0,-0.026169676006484344
2023Q4,11290,성북구,120888135.0,54987678.0,65900457.0,21137691.0,21567286.0,16315756.0,18059354.0,17703234.0,26104815.0,F,60대이상,3263158.0,0.027742050057956602
2024Q1,11290,성북구,119590078.0,54752198.0,64837880.0,20801872.0,20221244.0,16210956.0,18136190.0,17822659.0,26397156.0,F,60대이상,-1298057.0,-0.010737670822699052
2024Q2,11290,성북구,119610897.0,54317157.0,65293740.0,21043968.0,21721565.0,15966838.0,17826766.0,17406085.0,25645677.0,F,60대이상,20819.0,0.00017408634853466332
2024Q3,11290,성북구,115541372.0,52786775.0,62754597.0,19758494.0,19830115.0,15600901.0,17587352.0,17268302.0,25496210.0,F,60대이상,-4069525.0,-0.03402302885497133
2024Q4,11290,성북구,119072203.0,54245102.0,64827101.0,20505561.0,21721652.0,15906148.0,17779775.0,17513033.0,25646036.0,F,60대이상,3530831.0,0.03055901915376258
2025Q1,11290,성북구,117929120.0,54016652.0,63912469.0,20220669.0,20259041.0,15924387.0,17771241.0,17715519.0,26038264.0,F,60대이상,-1143083.0,-0.009599914767680962
2025Q2,11290,성북구,119802645.0,54534371.0,65268275.0,20853891.0,22065915.0,16035219.0,17707904.0,17713001.0,25426717.0,F,60대이상,1873525.0,0.015886873403278212
2025Q3,11290,성북구,117599318.0,53648340.0,63950978.0,20009771.0,20749003.0,15973484.0,17514290.0,17803565.0,25549207.0,F,60대이상,-2203327.0,-0.018391305133538594
2025Q4,11290,성북구,119898445.0,54473664.0,65424783.0,20355459.0,21964000.0,16230153.0,17684980.0,17969085.0,25694770.0,F,60대이상,2299127.0,0.01955051303953992
2023Q1,11305,강북구,97300941.0,45007806.0,52293135.0,13756816.0,13530831.0,12400400.0,14512226.0,15846104.0,27254564.0,F,60대이상,0.0,0.0
2023Q2,11305,강북구,95336386.0,43885417.0,51450968.0,13610491.0,13472633.0,12224989.0,14159011.0,15516448.0,26352814.0,F,60대이상,-1964555.0,-0.02019050360468766
2023Q3,11305,강북구,95208377.0,43959313.0,51249063.0,13431428.0,13406086.0,12246728.0,14110019.0,15548230.0,26465886.0,F,60대이상,-128009.0,-0.0013427087534029214
2023Q4,11305,강북구,95197227.0,43912481.0,51284745.0,13674849.0,13474241.0,12235337.0,14119743.0,15515290.0,26177767.0,F,60대이상,-11150.0,-0.00011711154366178533
2024Q1,11305,강북구,95668304.0,44300665.0,51367638.0,13572970.0,13344979.0,12323806.0,14276159.0,15674631.0,26475758.0,F,60대이상,471077.0,0.004948431953800458
2024Q2,11305,강북구,93656261.0,43035821.0,50620440.0,13274486.0,13240661.0,12017037.0,14005656.0,15366561.0,25751861.0,F,60대이상,-2012043.0,-0.021031448409496223
2024Q3,11305,강북구,91978076.0,42439440.0,49538635.0,12737858.0,12884779.0,11705176.0,13819201.0,15186182.0,25644881.0,F,60대이상,-1678185.0,-0.01791855645401008
2024Q4,11305,강북구,91622385.0,42019173.0,49603211.0,12718857.0,13026208.0,11651498.0,13809079.0,15081294.0,25335447.0,F,60대이상,-355691.0,-0.0038671280751730874
2025Q1,11305,강북구,91794978.0,42365800.0,49429178.0,12567859.0,12917973.0,11768299.0,13794973.0,15203117.0,25542756.0,F,60대이상,172593.0,0.001883742712002201
2025Q2,11305,강북구,89655067.0,41073790.0,48581277.0,12383304.0,12855417.0,11509776.0,13476753.0,14808755.0,24621059.0,F,60대이상,-2139911.0,-0.023311852637515784
2025Q3,11305,강북구,87341149.0,40013873.0,47327276.0,11945806.0,12433346.0,11178588.0,13043960.0,14553518.0,24185933.0,F,60대이상,-2313918.0,-0.02580911573017952
2025Q4,11305,강북구,87372581.0,39973007.0,47399574.0,12077145.0,12574584.0,11180358.0,13053148.0,14513788.0,23973558.0,F,60대이상,31432.0,0.00035987619077459954
2023Q1,11320,도봉구,64902963.0,30202106.0,34700856.0,10290925.0,7723726.0,8426205.0,9548054.0,10469829.0,18444224.0,F,60대이상,0.0,0.0
2023Q2,11320,도봉구,63347601.0,29288173.0,34059427.0,9985405.0,7645309.0,8222739.0,9294723.0,10308527.0,17890896.0,F,60대이상,-1555362.0,-0.023964422086554027
2023Q3,11320,도봉구,62935824.0,29126968.0,33808856.0,9835630.0,7526177.0,8130095.0,9229223.0,10308883.0,17905815.0,F,60대이상,-411777.0,-0.0065002777295386505
2023Q4,11320,도봉구,63548031.0,29403068.0,34144963.0,10018434.0,7588421.0,8198392.0,9343454.0,10419820.0,17979511.0,F,60대이상,612207.0,0.009727480488695983
2024Q1,11320,도봉구,63874164.0,29707998.0,34166166.0,9935246.0,7593082.0,8251752.0,9412826.0,10517520.0,18163739.0,F,60대이상,326133.0,0.005132070889812379
2024Q2,11320,도봉구,61564115.0,28375588.0,33188527.0,9493169.0,7397871.0,7994160.0,9083419.0,10118491.0,17477004.0,F,60대이상,-2310049.0,-0.03616562402288348
2024Q3,11320,도봉구,62227967.0,28759833.0,33468134.0,9360209.0,7494668.0,8138061.0,9205795.0,10202856.0,17826375.0,F,60대이상,663852.0,0.010783099862639034
2024Q4,11320,도봉구,61436192.0,28369483.0,33066709.0,9330236.0,7450552.0,7998180.0,9071896.0,9993490.0,17591836.0,F,60대이상,-791775.0,-0.012723780611376911
2025Q1,11320,도봉구,62282366.0,28968310.0,33314056.0,9347695.0,7519522.0,8143945.0,9196358.0,10174744.0,17900102.0,F,60대이상,846174.0,0.013773216933757881
2025Q2,11320,도봉구,60927300.0,28130250.0,32797050.0,9203211.0,7424302.0,7932148.0,9035932.0,9962361.0,17369347.0,F,60대이상,-1355066.0,-0.02175681636757343
2025Q3,11320,도봉구,60369809.0,27926847.0,32442962.0,9174938.0,7270660.0,7761466.0,8950418.0,9903482.0,17308847.0,F,60대이상,-557491.0,-0.009150101842687941
2025Q4,11320,도봉구,60391785.0,27977565.0,32414220.0,9261185.0,7269186.0,7811952.0,8981744.0,9853300.0,17214418.0,F,60대이상,21976.0,0.00036402301686933036
2023Q1,11350,노원구,96453857.0,44550733.0,51903123.0,17708965.0,13197614.0,11613845.0,14384562.0,15096073.0,24452797.0,F,60대이상,0.0,0.0
2023Q2,11350,노원구,94876839.0,43674797.0,51202042.0,17444014.0,13248980.0,11457194.0,14124625.0,14778816.0,23823209.0,F,60대이상,-1577018.0,-0.016349973438594567
2023Q3,11350,노원구,95091503.0,43677465.0,51414038.0,17335241.0,13064366.0,11480211.0,14223955.0,14902941.0,24084788.0,F,60대이상,214664.0,0.0022625542994745285
2023Q4,11350,노원구,96648244.0,44558745.0,52089499.0,17656784.0,13422549.0,11692411.0,14543081.0,15169159.0,24164261.0,F,60대이상,1556741.0,0.016370979013761167
2024Q1,11350,노원구,96744301.0,44605885.0,52138417.0,17534258.0,13260372.0,11693186.0,14568928.0,15288335.0,24399223.0,F,60대이상,96057.0,0.0009938825168929188
2024Q2,11350,노원구,94293306.0,43348270.0,50945036.0,17183499.0,13144893.0,11388340.0,14111759.0,14829643.0,23635172.0,F,60대이상,-2450995.0,-0.025334773983224035
2024Q3,11350,노원구,92668429.0,42693623.0,49974806.0,16685865.0,12737368.0,11202360.0,13889956.0,14664787.0,23488093.0,F,60대이상,-1624877.0,-0.017232156437488766
2024Q4,11350,노원구,92584226.0,42680783.0,49903445.0,16831138.0,12987343.0,11155363.0,13827518.0,14589945.0,23192920.0,F,60대이상,-84203.0,-0.0009086481869677865
2025Q1,11350,노원구,93007610.0,43023072.0,49984538.0,16732149.0,12879150.0,11259670.0,13888098.0,14769529.0,23479013.0,F,60대이상,423384.0,0.004572960409044091
2025Q2,11350,노원구,91627463.0,42323772.0,49303692.0,16649075.0,12937216.0,11093439.0,13638226.0,14467866.0,22841640.0,F,60대이상,-1380147.0,-0.014839076071302082
2025Q3,11350,노원구,90856879.0,41846237.0,49010641.0,16395265.0,12668174.0,11075667.0,13520758.0,14424044.0,22772969.0,F,60대이상,-770584.0,-0.008409967653475237
2025Q4,11350,노원구,90687810.0,41926732.0,48761078.0,16266923.0,12791370.0,11114306.0,13573060.0,14407931.0,22534219.0,F,60대이상,-169069.0,-0.001860827731051562
2023Q1,11380,은평구,100101059.0,45084393.0,55016664.0,16170549.0,12915661.0,15001876.0,16081283.0,15295773.0,24635918.0,F,60대이상,0.0,0.0
2023Q2,11380,은평구,98028049.0,43945587.0,54082462.0,15845866.0,12586867.0,14764525.0,15932739.0,14989867.0,23908185.0,F,60대이상,-2073010.0,-0.020709171518355274
2023Q3,11380,은평구,98440429.0,44143583.0,54296846.0,15754354.0,12766048.0,14776934.0,15963636.0,15089683.0,24089773.0,F,60대이상,412380.0,0.004206755150252928
2023Q4,11380,은평구,99442931.0,44616227.0,54826704.0,15888750.0,12729858.0,14994049.0,16253730.0,15342151.0,24234393.0,F,60대이상,1002502.0,0.010183844282108945
2024Q1,11380,은평구,99894420.0,44897800.0,54996621.0,15846284.0,12965401.0,14994949.0,16277587.0,15385428.0,24424772.0,F,60대이상,451489.0,0.004540181946165678
2024Q2,11380,은평구,97642667.0,43697513.0,53945154.0,15642408.0,12534327.0,14706957.0,15931475.0,14998179.0,23829321.0,F,60대이상,-2251753.0,-0.022541329135301047
2024Q3,11380,은평구,97237400.0,43661057.0,53576344.0,15581741.0,12505084.0,14560777.0,15746554.0,14991831.0,23851413.0,F,60대이상,-405267.0,-0.004150511374295007
2024Q4,11380,은평구,96539242.0,43386186.0,53153056.0,15758192.0,12181446.0,14455483.0,15687199.0,14884949.0,23571974.0,F,60대이상,-698158.0,-0.007179932824201374
2025Q1,11380,은평구,97660653.0,44062306.0,53598349.0,15621601.0,12550866.0,14654528.0,15811237.0,15151008.0,23871416.0,F,60대이상,1121411.0,0.011616115651705616
2025Q2,11380,은평구,95294177.0,42799576.0,52494601.0,15304221.0,12120010.0,14424034.0,15509320.0,14855289.0,23081302.0,F,60대이상,-2366476.0,-0.024231621715656515
2025Q3,11380,은평구,94336228.0,42326554.0,52009674.0,15195510.0,12041775.0,14138384.0,15377064.0,14750370.0,22833126.0,F,60대이상,-957949.0,-0.010052544973445765
2025Q4,11380,은평구,93622290.0,42152012.0,51470278.0,15223319.0,11718339.0,14057915.0,15302762.0,14710016.0,22609941.0,F,60대이상,-713938.0,-0.0075680151214017055
2023Q1,11410,서대문구,94579090.0,43163342.0,51415748.0,13568059.0,17500970.0,15574087.0,15589594.0,13559910.0,18786468.0,F,60대이상,0.0,0.0
2023Q2,11410,서대문구,94482662.0,42823297.0,51659366.0,13647012.0,18410792.0,15441805.0,15378761.0,13298106.0,18306185.0,F,20대,-96428.0,-0.001019548824163996
2023Q3,11410,서대문구,93385346.0,42584227.0,50801118.0,12900904.0,17472727.0,15524130.0,15545226.0,13417173.0,18525185.0,F,60대이상,-1097316.0,-0.01161394034389085
2023Q4,11410,서대문구,96533352.0,43806283.0,52727068.0,13254796.0,18730214.0,15925299.0,15976505.0,13792719.0,18853822.0,F,60대이상,3148006.0,0.033709849937269665
2024Q1,11410,서대문구,95331114.0,43590498.0,51740614.0,13051104.0,17634631.0,15928576.0,16064654.0,13857657.0,18794490.0,F,60대이상,-1202238.0,-0.012454120519921452
2024Q2,11410,서대문구,94677160.0,42866533.0,51810627.0,13091896.0,18600548.0,15626944.0,15718434.0,13539437.0,18099902.0,F,20대,-653954.0,-0.0068598170372791145
2024Q3,11410,서대문구,94664889.0,43222408.0,51442480.0,12595357.0,17881185.0,15913889.0,15969133.0,13927228.0,18378096.0,F,60대이상,-12271.0,-0.00012960887293200773
2024Q4,11410,서대문구,95412427.0,43271220.0,52141207.0,12636065.0,18857944.0,15827915.0,15948911.0,13935976.0,18205617.0,F,20대,747538.0,0.007896676454139273
2025Q1,11410,서대문구,94373202.0,43013249.0,51359954.0,12741689.0,17475468.0,15723691.0,15953020.0,14100929.0,18378406.0,F,60대이상,-1039225.0,-0.010891925010984127
2025Q2,11410,서대문구,94374778.0,42521109.0,51853671.0,12981208.0,18487059.0,15485328.0,15707932.0,13891920.0,17821332.0,F,20대,1576.0,1.669965590433975e-05
2025Q3,11410,서대문구,94513982.0,42760841.0,51753141.0,12662404.0,17739832.0,15847374.0,16093675.0,14243364.0,17927333.0,F,60대이상,139204.0,0.0014750127412219705
2025Q4,11410,서대문구,99296329.0,44488033.0,54808296.0,13413017.0,19450960.0,16583900.0,16768511.0,14670819.0,18409123.0,F,20대,4782347.0,0.05059935999733889
2023Q1,11440,마포구,117260386.0,53598212.0,63662173.0,16139864.0,23721111.0,22904987.0,19944489.0,15022126.0,19527809.0,F,20대,0.0,0.0
2023Q2,11440,마포구,115686675.0,52732631.0,62954043.0,15801185.0,23896823.0,22653080.0,19703262.0,14727411.0,18904914.0,F,20대,-1573711.0,-0.013420653416576722
2023Q3,11440,마포구,114208917.0,51943288.0,62265629.0,15602400.0,23219970.0,22337740.0,19445562.0,14666277.0,18936969.0,F,20대,-1477758.0,-0.012773796117832914
2023Q4,11440,마포구,115857141.0,52722258.0,63134881.0,15890418.0,23759569.0,22548400.0,19670166.0,14922731.0,19065857.0,F,20대,1648224.0,0.014431657731243552
2024Q1,11440,마포구,116341575.0,52868403.0,63473172.0,16194975.0,23261603.0,22518214.0,19824850.0,15196816.0,19345115.0,F,20대,484434.0,0.0041813046292933365
2024Q2,11440,마포구,115154071.0,52054031.0,63100039.0,16025775.0,23486547.0,22344596.0,19606786.0,14922384.0,18767984.0,F,20대,-1187504.0,-0.010207047652569634
2024Q3,11440,마포구,112474602.0,50850240.0,61624363.0,15766376.0,22519309.0,21748542.0,19160900.0,14755543.0,18523933.0,F,20대,-2679469.0,-0.023268556436880083
2024Q4,11440,마포구,113763836.0,51418177.0,62345659.0,15937115.0,23167773.0,21900941.0,19405274.0,14888998.0,18463736.0,F,20대,1289234.0,0.011462445539482724
2025Q1,11440,마포구,112964817.0,51162854.0,61801964.0,15984103.0,22493700.0,21661471.0,19375116.0,14939206.0,18511221.0,F,20대,-799019.0,-0.007023488553954849
2025Q2,11440,마포구,112137071.0,50618770.0,61518303.0,15988371.0,22737496.0,21456522.0,19309418.0,14741895.0,17903370.0,F,20대,-827746.0,-0.007327467276824762
2025Q3,11440,마포구,111447064.0,50366104.0,61080959.0,15886727.0,22343232.0,21315154.0,19291742.0,14759488.0,17850721.0,F,20대,-690007.0,-0.0061532461464059995
2025Q4,11440,마포구,111236897.0,50312158.0,60924739.0,15883563.0,22332704.0,21107508.0,19154281.0,14842754.0,17916087.0,F,20대,-210167.0,-0.0018858011369415895
2023Q1,11470,양천구,77922212.0,36530591.0,41391621.0,16517281.0,8882342.0,10695056.0,13093614.0,11754635.0,16979283.0,F,60대이상,0.0,0.0
2023Q2,11470,양천구,76633616.0,35905080.0,40728536.0,16290337.0,8537396.0,10574042.0,12988259.0,11540722.0,16702861.0,F,60대이상,-1288596.0,-0.01653695354541529
2023Q3,11470,양천구,77265756.0,36218536.0,41047219.0,16385338.0,8712752.0,10554063.0,12967485.0,11627639.0,17018478.0,F,60대이상,632140.0,0.00824886039567807
2023Q4,11470,양천구,77616778.0,36431949.0,41184827.0,16579489.0,8436365.0,10586439.0,13111467.0,11757799.0,17145218.0,F,60대이상,351022.0,0.0045430475047705254
2024Q1,11470,양천구,79543116.0,37301602.0,42241514.0,16881070.0,8893355.0,10737312.0,13388065.0,11983005.0,17660309.0,F,60대이상,1926338.0,0.024818577241121798
2024Q2,11470,양천구,77140378.0,36072619.0,41067759.0,16563938.0,8424975.0,10441200.0,13039617.0,11580157.0,17090491.0,F,60대이상,-2402738.0,-0.030206737186408428
2024Q3,11470,양천구,77403996.0,36321069.0,41082925.0,16669388.0,8626373.0,10340378.0,12883888.0,11654593.0,17229377.0,F,60대이상,263618.0,0.0034173801948442772
2024Q4,11470,양천구,76779968.0,35995217.0,40784751.0,16637868.0,8283149.0,10297340.0,12881436.0,11627847.0,17052330.0,F,60대이상,-624028.0,-0.008061961038807297
2025Q1,11470,양천구,77467281.0,36425529.0,41041752.0,16673506.0,8594357.0,10319840.0,12950724.0,11713938.0,17214918.0,F,60대이상,687313.0,0.008951722928563832
2025Q2,11470,양천구,75024009.0,35102657.0,39921352.0,16172052.0,8178326.0,10058146.0,12679633.0,11357762.0,16578091.0,F,60대이상,-2443272.0,-0.031539405649205654
2025Q3,11470,양천구,75339868.0,35162372.0,40177497.0,16330842.0,8333607.0,9966189.0,12699675.0,11345744.0,16663813.0,F,60대이상,315859.0,0.004210105594330438
2025Q4,11470,양천구,74564899.0,34837806.0,39727092.0,16008857.0,8058356.0,9912625.0,12689811.0,11320829.0,16574420.0,F,60대이상,-774969.0,-0.010286306846197246
2023Q1,11500,강서구,115242542.0,54016569.0,61225974.0,18285005.0,15880606.0,21146546.0,19037090.0,15472174.0,25421120.0,F,60대이상,0.0,0.0
2023Q2,11500,강서구,112643302.0,52689057.0,59954243.0,18024710.0,15445698.0,20730058.0,18688213.0,15168829.0,24585794.0,F,60대이상,-2599240.0,-0.02255451810495468
2023Q3,11500,강서구,113105133.0,52939251.0,60165883.0,18125243.0,15564276.0,20527952.0,18796887.0,15233942.0,24856834.0,F,60대이상,461831.0,0.004099941956602127
2023Q4,11500,강서구,114009197.0,53474881.0,60534316.0,18427990.0,15366950.0,20644209.0,19061487.0,15498563.0,25009996.0,F,60대이상,904064.0,0.007993129719408909
2024Q1,11500,강서구,116166586.0,54496338.0,61670248.0,18614726.0,15824826.0,21001635.0,19378003.0,15801315.0,25546083.0,F,60대이상,2157389.0,0.018922938295934166
2024Q2,11500,강서구,112518934.0,52752999.0,59765936.0,18060390.0,15211100.0,20425308.0,18854833.0,15344176.0,24623127.0,F,60대이상,-3647652.0,-0.03140018249309662
2024Q3,11500,강서구,113248930.0,53139336.0,60109594.0,18078607.0,15395016.0,20378492.0,18960966.0,15530539.0,24905313.0,F,60대이상,729996.0,0.006487761428667582
2024Q4,11500,강서구,113675043.0,53301644.0,60373398.0,18372209.0,15185311.0,20560419.0,19229859.0,15551093.0,24776151.0,F,60대이상,426113.0,0.0037626227461928785
2025Q1,11500,강서구,115288277.0,54068132.0,61220144.0,18575580.0,15580187.0,20821594.0,19473628.0,15736052.0,25101236.0,F,60대이상,1613234.0,0.01419162867613788
2025Q2,11500,강서구,112983320.0,52862383.0,60120937.0,18343089.0,15256375.0,20497743.0,19154394.0,15430428.0,24301291.0,F,60대이상,-2304957.0,-0.01999298679778172
2025Q3,11500,강서구,112570792.0,52470728.0,60100063.0,18435599.0,15320656.0,20233845.0,19076005.0,15443110.0,24061577.0,F,60대이상,-412528.0,-0.0036512292256946077
2025Q4,11500,강서구,112084721.0,52325460.0,59759261.0,18397562.0,14852401.0,20127872.0,19176214.0,15521440.0,24009235.0,F,60대이상,-486071.0,-0.0043179140109451675
2023Q1,11530,구로구,79623808.0,38469519.0,41154289.0,11212906.0,9976798.0,13416525.0,13557790.0,12763708.0,18696081.0,F,60대이상,0.0,0.0
2023Q2,11530,구로구,79078197.0,38237750.0,40840448.0,11176009.0,9866527.0,13399410.0,13461192.0,12708099.0,18466958.0,F,60대이상,-545611.0,-0.006852360037841954
2023Q3,11530,구로구,79531085.0,38568693.0,40962393.0,11127972.0,9880943.0,13427159.0,13513364.0,12789604.0,18792041.0,F,60대이상,452888.0,0.0057270906163933155
2023Q4,11530,구로구,79774854.0,38645917.0,41128937.0,11314503.0,9701219.0,13331541.0,13591751.0,12873803.0,18962036.0,F,60대이상,243769.0,0.0030650782646810537
2024Q1,11530,구로구,80975809.0,39220091.0,41755717.0,11519378.0,9830661.0,13468439.0,13771705.0,13029259.0,19356367.0,F,60대이상,1200955.0,0.015054305207503171
2024Q2,11530,구로구,78481576.0,37913839.0,40567735.0,11209444.0,9565821.0,13117206.0,13266050.0,12662248.0,18660806.0,F,60대이상,-2494233.0,-0.030802199209889913
2024Q3,11530,구로구,78504355.0,37911979.0,40592376.0,11333908.0,9478022.0,12972300.0,13201873.0,12760683.0,18757569.0,F,60대이상,22779.0,0.0002902464649792158
2024Q4,11530,구로구,79273963.0,38134955.0,41139007.0,11545089.0,9570476.0,13105874.0,13397652.0,12852585.0,18802287.0,F,60대이상,769608.0,0.009803379697852499
2025Q1,11530,구로구,80112159.0,38509156.0,41603003.0,11615867.0,9752959.0,13233747.0,13527080.0,12976936.0,19005571.0,F,60대이상,838196.0,0.010573408573001375
2025Q2,11530,구로구,78640640.0,37636673.0,41003969.0,11370243.0,9698907.0,13066559.0,13346728.0,12711984.0,18446219.0,F,60대이상,-1471519.0,-0.018368235463483096
2025Q3,11530,구로구,78811799.0,37632410.0,41179390.0,11422117.0,9808770.0,13130133.0,13368015.0,12730938.0,18351824.0,F,60대이상,171159.0,0.0021764700795925407
2025Q4,11530,구로구,78779192.0,37719618.0,41059574.0,11433885.0,9625740.0,13060668.0,13431382.0,12822843.0,18404671.0,F,60대이상,-32607.0,-0.00041373246663234386
2023Q1,11545,금천구,38374161.0,18974350.0,19399813.0,4401953.0,5589514.0,6938978.0,6135489.0,6367759.0,8940467.0,F,60대이상,0.0,0.0
2023Q2,11545,금천구,37217378.0,18419768.0,18797611.0,4113696.0,5416839.0,6820376.0,5991293.0,6220045.0,8655128.0,F,60대이상,-1156783.0,-0.030144841472885875
2023Q3,11545,금천구,36612906.0,18100760.0,18512145.0,4058524.0,5292333.0,6628622.0,5875457.0,6159319.0,8598652.0,F,60대이상,-604472.0,-0.016241660011621417
2023Q4,11545,금천구,36226369.0,17902374.0,18323995.0,4024484.0,5110846.0,6558863.0,5870015.0,6114376.0,8547786.0,F,60대이상,-386537.0,-0.010557397437941707
2024Q1,11545,금천구,36794973.0,18235053.0,18559920.0,4140839.0,5232934.0,6602157.0,5942961.0,6158792.0,8717291.0,F,60대이상,568604.0,0.01569585955467967
2024Q2,11545,금천구,35396760.0,17432235.0,17964524.0,3999559.0,5069799.0,6419413.0,5721621.0,5894265.0,8292101.0,F,60대이상,-1398213.0,-0.03800010941712062
2024Q3,11545,금천구,35725684.0,17637778.0,18087905.0,4044389.0,5142936.0,6433277.0,5759060.0,5938646.0,8407376.0,F,60대이상,328924.0,0.00929248891706469
2024Q4,11545,금천구,35468459.0,17509499.0,17958961.0,4032262.0,5090978.0,6422485.0,5736261.0,5861262.0,8325211.0,F,60대이상,-257225.0,-0.007200002104928216
2025Q1,11545,금천구,35629749.0,17693269.0,17936479.0,4146447.0,5119091.0,6410356.0,5686128.0,5861270.0,8406458.0,F,60대이상,161290.0,0.0045474205687932034
2025Q2,11545,금천구,35205597.0,17435603.0,17769994.0,4090344.0,5033680.0,6424419.0,5678409.0,5739206.0,8239542.0,F,60대이상,-424152.0,-0.011904434128907293
2025Q3,11545,금천구,35114159.0,17387691.0,17726468.0,4106268.0,5021991.0,6397143.0,5640408.0,5730404.0,8217947.0,F,60대이상,-91438.0,-0.0025972574758496014
2025Q4,11545,금천구,34646869.0,17161290.0,17485579.0,4043862.0,4831814.0,6298920.0,5616799.0,5660812.0,8194662.0,F,60대이상,-467290.0,-0.013307737200825454
2023Q1,11560,영등포구,110054515.0,53586360.0,56468154.0,13385768.0,16274654.0,21454774.0,18727178.0,17129872.0,23082270.0,F,60대이상,0.0,0.0
2023Q2,11560,영등포구,108158325.0,52649875.0,55508451.0,13104441.0,16072601.0,21169751.0,18489674.0,16746121.0,22575738.0,F,60대이상,-1896190.0,-0.01722955209970256
2023Q3,11560,영등포구,108538800.0,52739607.0,55799196.0,13070315.0,16168473.0,21207004.0,18560289.0,16820530.0,22712189.0,F,60대이상,380475.0,0.003517759728620007
2023Q4,11560,영등포구,110261973.0,53586673.0,56675300.0,13265262.0,16240312.0,21498555.0,18941486.0,17122620.0,23193738.0,F,60대이상,1723173.0,0.01587610144943552
2024Q1,11560,영등포구,110850420.0,53873906.0,56976514.0,13158204.0,16517496.0,21632266.0,18993637.0,17183336.0,23365482.0,F,60대이상,588447.0,0.005336808184994046
2024Q2,11560,영등포구,107613994.0,52157191.0,55456804.0,12745032.0,16142759.0,21211969.0,18556470.0,16523020.0,22434746.0,F,60대이상,-3236426.0,-0.029196335025162723
2024Q3,11560,영등포구,107199139.0,51979815.0,55219327.0,12605256.0,16058112.0,21032768.0,18462340.0,16552015.0,22488650.0,F,60대이상,-414855.0,-0.0038550283711242805
2024Q4,11560,영등포구,108064439.0,52226948.0,55837490.0,12834759.0,16169645.0,21306674.0,18592636.0,16572633.0,22588093.0,F,60대이상,865300.0,0.008071893189365964
2025Q1,11560,영등포구,108101613.0,52292158.0,55809454.0,12753329.0,16191817.0,21282662.0,18588651.0,16604294.0,22680859.0,F,60대이상,37174.0,0.00034399845447774524
2025Q2,11560,영등포구,106790438.0,51554150.0,55236289.0,12608902.0,16063749.0,21226743.0,18452482.0,16298308.0,22140255.0,F,60대이상,-1311175.0,-0.012129097463143279
2025Q3,11560,영등포구,106701745.0,51316710.0,55385036.0,12710823.0,16142535.0,21228139.0,18507227.0,16197754.0,21915268.0,F,60대이상,-88693.0,-0.0008305331606561772
2025Q4,11560,영등포구,105483333.0,50839021.0,54644313.0,12895923.0,15484825.0,20772491.0,18331807.0,16141451.0,21856837.0,F,60대이상,-1218412.0,-0.011418857301724539
2023Q1,11590,동작구,86213513.0,40538032.0,45675481.0,12862304.0,15625284.0,14287734.0,12992289.0,11639492.0,18806411.0,F,60대이상,0.0,0.0
2023Q2,11590,동작구,83988363.0,39448562.0,44539801.0,12850289.0,15780069.0,13808782.0,12539011.0,11186294.0,17823916.0,F,60대이상,-2225150.0,-0.025809759080342776
2023Q3,11590,동작구,81663332.0,38361295.0,43302037.0,12258209.0,14915584.0,13475672.0,12321003.0,11043134.0,17649728.0,F,60대이상,-2325031.0,-0.027682775529271786
2023Q4,11590,동작구,81971608.0,38572318.0,43399290.0,12290251.0,15419222.0,13411299.0,12365941.0,11050949.0,17433944.0,F,60대이상,308276.0,0.003774962304991414
2024Q1,11590,동작구,82698133.0,38871395.0,43826738.0,12390009.0,15034151.0,13590586.0,12560152.0,11263264.0,17859970.0,F,60대이상,726525.0,0.00886312978025261
2024Q2,11590,동작구,81988903.0,38410347.0,43578556.0,12363232.0,15557185.0,13447906.0,12311537.0,11005552.0,17303491.0,F,60대이상,-709230.0,-0.00857613073320529
2024Q3,11590,동작구,80721287.0,37787454.0,42933833.0,11930380.0,14800835.0,13330154.0,12228706.0,11073281.0,17357931.0,F,60대이상,-1267616.0,-0.015460824009317475
2024Q4,11590,동작구,81823206.0,38385844.0,43437363.0,12067281.0,15493559.0,13504805.0,12313878.0,11124358.0,17319326.0,F,60대이상,1101919.0,0.013650909703657232
2025Q1,11590,동작구,81315850.0,38206701.0,43109149.0,11846990.0,14986915.0,13521879.0,12300106.0,11230132.0,17429827.0,F,60대이상,-507356.0,-0.006200637017327315
2025Q2,11590,동작구,80736009.0,37819322.0,42916688.0,11980420.0,15476611.0,13363334.0,12032230.0,11090799.0,16792616.0,F,60대이상,-579841.0,-0.00713072543667681
2025Q3,11590,동작구,79661310.0,37159107.0,42502204.0,11616290.0,14987499.0,13286989.0,11965916.0,11080728.0,16723888.0,F,60대이상,-1074699.0,-0.0133112722973463
2025Q4,11590,동작구,79515542.0,37268796.0,42246747.0,11537337.0,15086498.0,13217054.0,11972034.0,11077002.0,16625618.0,F,60대이상,-145768.0,-0.0018298468855206806
2023Q1,11620,관악구,130473712.0,64351129.0,66122582.0,14163220.0,30921289.0,24794004.0,18506197.0,16380236.0,25708765.0,F,20대,0.0,0.0
2023Q2,11620,관악구,129493663.0,63853140.0,65640523.0,14217116.0,31029160.0,24807995.0,18317834.0,16147239.0,24974320.0,F,20대,-980049.0,-0.0075114671375333675
2023Q3,11620,관악구,128048887.0,63180084.0,64868804.0,14056253.0,30289992.0,24518324.0,18182477.0,16043159.0,24958684.0,F,20대,-1444776.0,-0.011157117395003358
2023Q4,11620,관악구,128331304.0,63333872.0,64997432.0,13973560.0,30037222.0,24622511.0,18354590.0,16262033.0,25081390.0,F,20대,282417.0,0.0022055404511247545
2024Q1,11620,관악구,129617251.0,63997254.0,65619995.0,13852903.0,30263409.0,24938768.0,18507785.0,16586422.0,25467963.0,F,20대,1285947.0,0.010020524688193033
2024Q2,11620,관악구,126560305.0,62358095.0,64202210.0,13527341.0,30007693.0,24723911.0,18012816.0,15965084.0,24323459.0,F,20대,-3056946.0,-0.023584406986073225
2024Q3,11620,관악구,125790783.0,61965103.0,63825679.0,13422911.0,29281974.0,24540211.0,17994644.0,16091861.0,24459180.0,F,20대,-769522.0,-0.006080279278720124
2024Q4,11620,관악구,126296711.0,62087870.0,64208841.0,13328421.0,29694611.0,24824613.0,18065682.0,16084420.0,24298964.0,F,20대,505928.0,0.004021979893391814
2025Q1,11620,관악구,126701986.0,62391489.0,64310496.0,13164470.0,29931708.0,24884684.0,18152723.0,16122899.0,24445503.0,F,20대,405275.0,0.0032089117506788334
2025Q2,11620,관악구,125465868.0,61717204.0,63748662.0,13042009.0,29985538.0,24912479.0,17956762.0,15851767.0,23717312.0,F,20대,-1236118.0,-0.009756105954013994
2025Q3,11620,관악구,124666365.0,61255144.0,63411222.0,12756723.0,29686534.0,24847424.0,17870483.0,15822023.0,23683180.0,F,20대,-799503.0,-0.0063722748883385805
2025Q4,11620,관악구,124176069.0,61144070.0,63032000.0,12703119.0,29253674.0,24749846.0,17855620.0,15924049.0,23689763.0,F,20대,-490296.0,-0.003932865131665575
2023Q1,11650,서초구,98877795.0,47774992.0,51102803.0,16442687.0,14007934.0,17878326.0,19040836.0,13985415.0,17522595.0,F,40대,0.0,0.0
2023Q2,11650,서초구,97423941.0,47037443.0,50386501.0,16446500.0,13645802.0,17623640.0,18798493.0,13815344.0,17094164.0,F,40대,-1453854.0,-0.014703543904877714
2023Q3,11650,서초구,96511523.0,46590380.0,49921143.0,16237198.0,13788884.0,17386780.0,18613563.0,13681166.0,16803933.0,F,40대,-912418.0,-0.009365439240442974
2023Q4,11650,서초구,96389408.0,46624259.0,49765150.0,16183684.0,13397733.0,17366858.0,18813057.0,13858236.0,16769841.0,F,40대,-122115.0,-0.0012652893271615229
2024Q1,11650,서초구,96950096.0,46854684.0,50095412.0,16288083.0,13567328.0,17448308.0,18928395.0,13954207.0,16763775.0,F,40대,560688.0,0.005816904695586489
2024Q2,11650,서초구,96894498.0,46811948.0,50082550.0,16505405.0,13437479.0,17434759.0,18994835.0,13937164.0,16584856.0,F,40대,-55598.0,-0.0005734702934178104
2024Q3,11650,서초구,96514227.0,46564597.0,49949631.0,16453711.0,13575812.0,17145798.0,18881267.0,13928581.0,16529057.0,F,40대,-380271.0,-0.003924588163922382
2024Q4,11650,서초구,97166789.0,46891050.0,50275740.0,16641501.0,13294502.0,17268634.0,19089591.0,14140750.0,16731811.0,F,40대,652562.0,0.006761303698780141
2025Q1,11650,서초구,96102659.0,46261745.0,49840915.0,16368354.0,13328499.0,17024589.0,18862728.0,14070361.0,16448129.0,F,40대,-1064130.0,-0.010951581409158195
2025Q2,11650,서초구,95701281.0,46027384.0,49673897.0,16507548.0,13130660.0,16940425.0,18848457.0,14101657.0,16172535.0,F,40대,-401378.0,-0.004176554573791735
2025Q3,11650,서초구,97984415.0,46993673.0,50990742.0,16933095.0,13654025.0,17215829.0,19231289.0,14521219.0,16428960.0,F,40대,2283134.0,0.023856880243849687
2025Q4,11650,서초구,97333966.0,46675975.0,50657992.0,17036879.0,13071184.0,16838207.0,19104302.0,14619506.0,16663889.0,F,40대,-650449.0,-0.006638290385261758
2023Q1,11680,강남구,145747421.0,71367596.0,74379825.0,23201142.0,23962997.0,29835463.0,28839092.0,18884890.0,21023837.0,F,30대,0.0,0.0
2023Q2,11680,강남구,144340910.0,70674862.0,73666048.0,23058871.0,23412802.0,29534787.0,28760876.0,18801946.0,20771627.0,F,30대,-1406511.0,-0.009650331994553785
2023Q3,11680,강남구,145280452.0,70962346.0,74318106.0,23999032.0,23694978.0,29150167.0,28731296.0,18959802.0,20745177.0,F,30대,939542.0,0.006509187173615594
2023Q4,11680,강남구,142841188.0,69618112.0,73223075.0,22852696.0,22596180.0,28849222.0,28683803.0,19085622.0,20773664.0,F,30대,-2439264.0,-0.016790035868005093
2024Q1,11680,강남구,144673730.0,70525925.0,74147805.0,23946380.0,22821658.0,28742093.0,29045386.0,19217404.0,20900809.0,F,40대,1832542.0,0.012829226819368156
2024Q2,11680,강남구,143850163.0,70042740.0,73807423.0,23702802.0,22434166.0,28706658.0,29174131.0,19170349.0,20662057.0,F,40대,-823567.0,-0.005692581507368288
2024Q3,11680,강남구,145164613.0,70667955.0,74496660.0,24713590.0,22914987.0,28335411.0,29230612.0,19345433.0,20624582.0,F,40대,1314450.0,0.009137633024440817
2024Q4,11680,강남구,144164615.0,70016301.0,74148315.0,23581918.0,22105110.0,28460487.0,29540452.0,19625208.0,20851441.0,F,40대,-999998.0,-0.006888717431430713
2025Q1,11680,강남구,144606832.0,70170886.0,74435946.0,24327054.0,22100692.0,28279931.0,29600501.0,19632932.0,20665722.0,F,40대,442217.0,0.0030674448095324713
2025Q2,11680,강남구,142605326.0,69114944.0,73490382.0,23734029.0,21524182.0,27982871.0,29447216.0,19585347.0,20331682.0,F,40대,-2001506.0,-0.01384101962762041
2025Q3,11680,강남구,146525718.0,70957378.0,75568340.0,25046601.0,22351184.0,28400818.0,30055736.0,20030598.0,20640783.0,F,40대,3920392.0,0.027491203238790618
2025Q4,11680,강남구,141820495.0,68476131.0,73344364.0,23649979.0,20835794.0,27401658.0,29436411.0,19867175.0,20629478.0,F,40대,-4705223.0,-0.03211192590777823
2023Q1,11710,송파구,123625232.0,58068767.0,65556465.0,21253809.0,15940208.0,21355012.0,20673270.0,18134698.0,26268233.0,F,60대이상,0.0,0.0
2023Q2,11710,송파구,120744535.0,56589060.0,64155475.0,20692070.0,15521186.0,20911499.0,20355567.0,17742376.0,25521836.0,F,60대이상,-2880697.0,-0.02330185313625943
2023Q3,11710,송파구,120476997.0,56498808.0,63978189.0,20708811.0,15661121.0,20612632.0,20182559.0,17735770.0,25576102.0,F,60대이상,-267538.0,-0.002215735892311832
2023Q4,11710,송파구,122054903.0,57302439.0,64752465.0,21093188.0,15510644.0,20893325.0,20531302.0,18057087.0,25969357.0,F,60대이상,1577906.0,0.013097155799791427
2024Q1,11710,송파구,124044949.0,58183320.0,65861630.0,21345455.0,15955376.0,21169995.0,20818884.0,18224577.0,26530662.0,F,60대이상,1990046.0,0.016304515026323907
2024Q2,11710,송파구,120002856.0,56191081.0,63811774.0,20788832.0,15398360.0,20733147.0,20315748.0,17413297.0,25353472.0,F,60대이상,-4042093.0,-0.03258571213568717
2024Q3,11710,송파구,120227253.0,56238008.0,63989245.0,20779013.0,15512324.0,20460629.0,20298368.0,17519712.0,25657203.0,F,60대이상,224397.0,0.001869930495654204
2024Q4,11710,송파구,120317054.0,56059209.0,64257845.0,20718731.0,15197700.0,20601757.0,20435915.0,17620078.0,25742871.0,F,60대이상,89801.0,0.0007469271546942657
2025Q1,11710,송파구,119554131.0,55787174.0,63766957.0,20299977.0,15359822.0,20429393.0,20278582.0,17474132.0,25712224.0,F,60대이상,-762923.0,-0.006340938168249988
2025Q2,11710,송파구,116916192.0,54468265.0,62447925.0,19901964.0,14889045.0,20261367.0,19982379.0,17088284.0,24793152.0,F,60대이상,-2637939.0,-0.022064808450659057
2025Q3,11710,송파구,117924356.0,54942217.0,62982138.0,20348721.0,15050987.0,20252297.0,20224657.0,17167559.0,24880136.0,F,60대이상,1008164.0,0.008622963019527807
2025Q4,11710,송파구,117174486.0,54695185.0,62479301.0,20291119.0,14515286.0,20131177.0,20161772.0,17115138.0,24959994.0,F,60대이상,-749870.0,-0.006358906891126059
2023Q1,11740,강동구,108684950.0,50953642.0,57731310.0,18440337.0,12856059.0,16759434.0,17768940.0,16357677.0,26502505.0,F,60대이상,0.0,0.0
2023Q2,11740,강동구,106595818.0,49917802.0,56678016.0,18121469.0,12468234.0,16526409.0,17579251.0,16039816.0,25860641.0,F,60대이상,-2089132.0,-0.01922190698896209
2023Q3,11740,강동구,106643794.0,49995629.0,56648165.0,18108874.0,12684738.0,16412002.0,17460950.0,15986237.0,25990992.0,F,60대이상,47976.0,0.00045007394192508876
2023Q4,11740,강동구,107182679.0,50266987.0,56915691.0,18181333.0,12502827.0,16509719.0,17692549.0,16165142.0,26131108.0,F,60대이상,538885.0,0.005053130424073293
2024Q1,11740,강동구,108851671.0,51095961.0,57755710.0,18311459.0,12947956.0,16698906.0,17846112.0,16425646.0,26621591.0,F,60대이상,1668992.0,0.015571471207582066
2024Q2,11740,강동구,105852073.0,49532008.0,56320064.0,17939316.0,12371253.0,16305210.0,17535131.0,15988114.0,25713051.0,F,60대이상,-2999598.0,-0.027556747383326807
2024Q3,11740,강동구,106711348.0,50040122.0,56671227.0,18036784.0,12593341.0,16322715.0,17608667.0,16091587.0,26058253.0,F,60대이상,859275.0,0.008117696476289238
2024Q4,11740,강동구,107151778.0,50114178.0,57037599.0,18279628.0,12363800.0,16471452.0,17785682.0,16092085.0,26159131.0,F,60대이상,440430.0,0.00412730237462644
2025Q1,11740,강동구,108188959.0,50564683.0,57624275.0,18139970.0,12706620.0,16692773.0,17982215.0,16194793.0,26472587.0,F,60대이상,1037181.0,0.009679550067755338
2025Q2,11740,강동구,105924756.0,49158604.0,56766151.0,17794314.0,12200907.0,16492963.0,17832835.0,15840553.0,25763184.0,F,60대이상,-2264203.0,-0.020928226141819106
2025Q3,11740,강동구,105750741.0,49023716.0,56727024.0,17882573.0,12305767.0,16375147.0,17724963.0,15772861.0,25689432.0,F,60대이상,-174015.0,-0.0016428170955616883
2025Q4,11740,강동구,105146089.0,48830043.0,56316046.0,17726888.0,11991064.0,16338903.0,17730527.0,15784821.0,25573886.0,F,60대이상,-604652.0,-0.005717709344466915
